hechos,intervencion,resultado,fecha_hechos,fecha_denuncia,provincia,ambito,tipo_desciminacion,reference
"Se publicó un comentario antigitano al hilo de una campaña de apoyo de la FSG. El comentario dice que los gitanos son los causantes de todos los delitos, que no estudian, roban y viven de las ayudas sociales.",Se comprueba el comentario con carácter racista hacía las personas de etnia gitana. Se solicita a Twitter su retirada.,Positivo. Reportamos a Twiter y nos contestaron asegurando que lo habían eliminado.,2019-01-01T00:00:00+01:00,2019-01-01T00:00:00+01:00,Estatal,Redes sociales,Discurso de odio,
"un medio de Valladolid publicó una noticia con un tweet asociado, con contenidos discriminatorios contra el pueblo gitano.","llamó al medio pidiendo la retirada del tweet, explicando su contenido de odio.",Positivo. El periódico eliminó el tweet de la noticia.,2019-01-01T00:00:00+01:00,2019-01-01T00:00:00+01:00,Valladolid,Medios de comunicación,Discurso de odio,
"El Diario de Burgos publicó una noticia sobre la ocupación de unas viviendas, donde se menciona la supuesta pertenencia a la etnia gitana de las personas implicadas.",se envió una carta de queja.,Positivo. El director del medio respondió informando de que tomaba nota de las recomendaciones.,2019-01-01T00:00:00+01:00,2019-01-01T00:00:00+01:00,Burgos,Medios de comunicación,Discriminación directa,['https://www.diariodeburgos.es/Noticia/Z0DA44432-FDE5-BF56-F95CC249570D9914/201912/Los-vecinos-de-Santa-Clara-45-denuncian-una-invasion-okupa']
RTVE publicó un reportaje sobre delincuencia donde se mencionaba a la comunidad gitana.,se envió una carta de queja a RTVE.,Positivo. El programa RTVE RESPONDE emitió una respuesta grabada con las declaraciones de la técnica FSG explicando esa mala praxis.,2019-01-01T00:00:00+01:00,2019-01-01T00:00:00+01:00,Estatal,Medios de comunicación,Discriminación directa,['http://www.rtve.es/alacarta/videos/rtve-responde/rtve-responde-29-12-19/5474344/']
"El periódico 20 Minutos publicó una noticia sobre una pelea entre dos familias, mencionando la supuesta pertenencia a la etnia gitana de las personas implicadas.",Se envió una carta de queja al medio.,Positivo. Respondieron disculpándose por la mala praxis y retiraron la referencia en la versión on line.,2019-01-01T00:00:00+01:00,2019-01-01T00:00:00+01:00,Sevilla,Medios de comunicación,Discriminación directa,
"El medio digital Crónica Global publicó una noticia sobre una pelea en Canovelles, mencionando la supuesta pertenencia a la etnia gitana de los implicados.",Se envió carta de queja a dichos medios.,Negativo. No hubo respuesta.,2019-01-01T00:00:00+01:00,2019-01-01T00:00:00+01:00,Barcelona,Medios de comunicación,Discriminación directa,['https://cronicaglobal.elespanol.com/vida/pelea-navajazos-deja-heridos-canovellesbarcelona_280884_102.html']
"Varios medios publicaron una noticia sobre un homicidio en Bilbao, mencionando la supuesta pertenencia a la etnia gitana del presunto homicida.",Se envió carta de queja a dichos medios.,Negativo. No hubo respuesta.,2019-01-01T00:00:00+01:00,2019-01-01T00:00:00+01:00,Bizkaia,Medios de comunicación,Discriminación directa,['https://www.noticiasdenavarra.com/2019/10/24/sociedad/euskadi/detenidos-los-presuntosautores-de-la-muerte-a-tiros-de-un-hombre-en-el-barrio-de-zabala-en-bilbao']
"El Ideal Gallego publicó una noticia sobre una agresión a un taxista, mencionando la supuesta pertenencia a la etnia gitana de los presuntos agresores.",Se envió carta de queja a dicho medio.,Negativo. No hubo respuesta.,2019-01-01T00:00:00+01:00,2019-01-01T00:00:00+01:00,A Coruña,Medios de comunicación,Discriminación directa,['https://www.elidealgallego.com/articulo/coruna/detenida-pareja-apunalar-taxista-zonaviviendas-san-jose/20191028224952418415.html']
La Vanguardia publicó una noticia sobre el robo de un teléfono móvil a una chica en la calle. El medio hacía referencia a la etnia de los supuestos agresores.,Se envió carta de queja a dicho medio.,Negativo. No hubo respuesta.,2019-01-01T00:00:00+01:00,2019-01-01T00:00:00+01:00,Barcelona,Medios de comunicación,Discriminación directa,['https://www.lavanguardia.com/sucesos/20190623/463058839693/pelea-calella-menasgitanos.html']
"La Voz de Galicia publicó una noticia sobre el juicio a un presunto narcotraficante, mencionando su supuesta pertenencia a la etnia gitana.",Se envió carta de queja a dicho medio.,Negativo. No hubo respuesta.,2019-01-01T00:00:00+01:00,2019-01-01T00:00:00+01:00,Pontevedra,Medios de comunicación,Discriminación directa,['https://www.lavozdegalicia.es/noticia/pontevedra/2019/10/16/morones-banquillo-familiapidiendo-perdon-diciendo-solo-gitanitos/00031571224334109644570.htm']
"El diario El Español publicó una noticia sobre la detención de una persona acusada de secuestro, mencionando su supuesta pertenencia a la etnia gitana.",Se envió carta de queja a dicho medio.,Negativo. No hubo respuesta.,2019-01-01T00:00:00+01:00,2019-01-01T00:00:00+01:00,Málaga,Medios de comunicación,Discriminación directa,['https://www.elespanol.com/reportajes/20191013/chule-tve-malaka-detenido-secuestroamenazas-solo/436456883_0.html']
"El diario ABC en su edición de Madrid publicó una noticia sobre una pelea entre dos familias, mencionando la supuesta pertenencia a la etnia gitana de las mismas.",Se envió carta de queja a dicho medio.,Negativo. No hubo respuesta.,2019-01-01T00:00:00+01:00,2019-01-01T00:00:00+01:00,Madrid,Medios de comunicación,Discriminación directa,['https://www.abc.es/espana/madrid/abci-detenidos-reyerta-clanes-vallecas-trataban-huirbebe-14-meses-201908220034_noticia.html']
"Varios medios (Telecinco, El Caso) publicaron una noticia por una pelea callejera entre varias personas, mencionando su origen étnico y nacional.",Se envió carta de queja a dichos medios.,Negativo. No hubo respuesta.,2019-01-01T00:00:00+01:00,2019-01-01T00:00:00+01:00,Barcelona,Medios de comunicación,Discriminación directa,"['https://www.telecinco.es/informativos/sociedad/pelea-calle-arma-blanca-canovellasbarcelona_18_2830020155.html', 'https://timis.es/venganza-de-los-gitanos-contra-los-marroquies-en-canovelles/']"
"El diario ABC publicó una noticia sobre un caso de acoso escolar, mencionando la supuesta pertenencia a la etnia gitana de la presunta acosadora.",Se envió carta de queja a dicho medio.,Negativo. No hubo respuesta.,2019-01-01T00:00:00+01:00,2019-01-01T00:00:00+01:00,Madrid,Medios de comunicación,Discriminación directa,['https://www.abc.es/espana/madrid/abci-menor-agredida-y-grabada-puerta-instituto-teniamiedo-y-no-salia-casa-201909262227_noticia.html']
"Antena 3 emitió una noticia sobre un conflicto vecinal, mencionando la supuesta pertenencia a la etnia gitana de algunos de sus protagonistas.",Se envió carta de queja a dicho medio.,Negativo. No hubo respuesta.,2019-01-01T00:00:00+01:00,2019-01-01T00:00:00+01:00,Valladolid,Medios de comunicación,Discriminación directa,['https://www.antena3.com/noticias/sociedad/un-clan_201909245d8a02bd0cf255cd8aca8318.html']
"El periódico Atlántico publicó una noticia sobre una pelea entre dos familias, mencionando la pertenencia étnica.",Se envió carta de queja a dicho medio.,Negativo. No hubo respuesta.,2019-01-01T00:00:00+01:00,2019-01-01T00:00:00+01:00,Pontevedra,Medios de comunicación,Discriminación directa,['https://www.atlantico.net/articulo/vigo/herido-leve-reyerta-familias-doblada/20190918235535730391.html']
"El periódico Mediterráneo Digital publicó dos noticias falsas sobre delincuencia, con el fin de criminalizar a la comunidad gitana.",Se envió una carta de queja al medio.,"Negativo. El medio publicó nuestra carta, pero interpretando que se trata de un intento de censura a la prensa, y sin eliminar las noticias denunciadas.",2019-01-01T00:00:00+01:00,2019-01-01T00:00:00+01:00,Estatal,Medios de comunicación,Discriminación directa,"['https://www.mediterraneodigital.com/sucesos-espana/ultimas-noticias-sucesos-espana/se2/estrangular-novia-feria-malaga', 'https://www.mediterraneodigital.com/sociedad-y-tiempo-libre/ultimas-noticias-sociedad-ytiempo-libre/st1/carta-gitanos-mediterraneo-digital']"
"El Diario de Almería publicó una noticia sobre un conflicto con la Guardia Civil, mencionando la etnia de la persona implicada.",Se envió carta de queja a dicho medio.,Negativo. No hubo respuesta.,2019-01-01T00:00:00+01:00,2019-01-01T00:00:00+01:00,Almería,Medios de comunicación,Discriminación directa,['https://www.diariodealmeria.es/almeria/Brutal-paliza-guardia-control-trafico_0_1386761449.html']
"El periódico ABC en su edición de Sevilla publicó una noticia sobre la detención de un conocido delincuente, mencionando su supuesta pertenencia a la etnia gitana.",Se envió carta de queja a dicho medio.,Negativo. No hubo respuesta.,2019-01-01T00:00:00+01:00,2019-01-01T00:00:00+01:00,Sevilla,Medios de comunicación,Discriminación directa,['https://sevilla.abc.es/sevilla/sevi-cheito-criminal-historial-alcance-pocosdelincuentes-201908252325_noticia.html']
"Los periódicos La Nueva España y El Comercio publicaron una noticia sobre violencia de género, mencionando la etnia de las personas implicadas.",Se enviaron cartas de queja a dichos medios.,Negativo. No hubo respuesta.,2019-01-01T00:00:00+01:00,2019-01-01T00:00:00+01:00,Asturias,Medios de comunicación,Discriminación directa,['https://www.lne.es/oviedo/2019/08/26/mujer-estrella-vehiculo-coches-tratar/2520374.html']
la web del Ayuntamiento de Puerto Lumbreras publicó una noticia sobre robos en supermercados mencionando la supuesta pertenencia a la etnia gitana de los presuntos ladrones.,"Se contactó vía telefónica con el jefe de la policía local de Puerto Lumbreras, nos presentamos como FSG y le trasladamos nuestra preocupación por el artículo que aparecía en el noticiero del Ayuntamiento de Puerto Lumbreras, información que él mismo había remitido al gabinete de prensa. Durante la entrevista, le mostramos algunas reflexiones sobre cómo el tratamiento de la noticia, reflejando en ella “personas de etnia gitana” ayuda a perpetuar los estereotipos y la estigmatización que pesan sobre la comunidad gitana. El jefe de la policía local pidió disculpas y rectificó la información del suceso. Esta información fue remitida al gabinete de prensa del Ayuntamiento de Puerto Lumbreras, quien modificó la noticia y la publicó en la web de forma no discriminatoria.",Positivo. Se modificó el texto de la noticia.,2019-01-01T00:00:00+01:00,2019-01-01T00:00:00+01:00,Murcia,Medios de comunicación,Discriminación directa,['http://www.puertolumbreras.es/ayuntamiento/2019/08/27/la-policia-local-de-puertolumbreras-detiene-a-seis-personas-de-etnia-gitana-por-hurtar-una-gran-cantidad-de-articulosen-dos-supermercados/']
"La Gaceta de Salamanca publicó una noticia sobre un caso de violencia de género, mencionando la supuesta pertenencia a la etnia gitana del agresor.",Se envió carta de queja a dicho medio.,Negativo. No hubo respuesta.,2019-01-01T00:00:00+01:00,2019-01-01T00:00:00+01:00,Salamanca,Medios de comunicación,Discriminación directa,['https://www.lagacetadesalamanca.es/sucesos/nuevo-caso-de-violencia-de-genero-ensalamanca-agrede-a-su-ex-pareja-en-garrido-y-se-monta-una-trifulca-ND1467483']
"El periódico La Opinión de Murcia publicó una noticia sobre unas personas que habían ocupado algunas viviendas, mencionando su supuesta pertenencia a la etnia gitana.",Se envió carta de queja a dicho medio.,Negativo. No hubo respuesta.,2019-01-01T00:00:00+01:00,2019-01-01T00:00:00+01:00,Murcia,Medios de comunicación,Discriminación directa,['https://www.laopiniondemurcia.es/murcia/2019/07/28/vecinos-dolores-denuncian-okupasatemorizado/1041295.html']
"El periódico La Verdad de Murcia publicó una noticia sobre una pelea entre varias personas, mencionando la supuesta pertenencia a la etnia gitana de las mismas.",Se envió carta de queja a dicho medio.,Negativo. No hubo respuesta.,2019-01-01T00:00:00+01:00,2019-01-01T00:00:00+01:00,Murcia,Medios de comunicación,Discriminación directa,['https://www.laverdad.es/murcia/otros-municipios/guardia-civil-interviene-20190721105249-nt.html']
"El periódico El Comercio publicó una noticia sobre una pelea entre dos familias, mencionando su supuesta pertenencia a la etnia gitana.",Se envió carta de queja a dicho medio.,Negativo. No hubo respuesta.,2019-01-01T00:00:00+01:00,2019-01-01T00:00:00+01:00,Asturias,Medios de comunicación,Discriminación directa,['https://www.elcomercio.es/aviles/pelea-familias-aviles-corvera-20190812235102-nt.html#vca=modulos&vso=elcomercio&vmc=lo-mas-leido&vli=aviles']
"El periódico El Comercio publicó una noticia sobre una redada antidroga, mencionando la supuesta pertenencia a la etnia gitana de los presuntos traficantes.",Se envió carta de queja a dicho medio.,Negativo. No hubo respuesta.,2019-01-01T00:00:00+01:00,2019-01-01T00:00:00+01:00,Asturias,Medios de comunicación,Discriminación directa,['https://www.elcomercio.es/aviles/juez-considera-escasa-20190811012118-ntvo.html']
"El diario Cierre Digital publicó una noticia sobre una detención a unos ladrones, mencionando la supuesta etnia gitana de los mismos.",Se envió carta de queja a dicho medio.,Negativo. No hubo respuesta.,2019-01-01T00:00:00+01:00,2019-01-01T00:00:00+01:00,Sevilla,Medios de comunicación,Discriminación directa,['https://elcierredigital.com/sucesos/264948341/trapaceros-impunidad-justicia.html']
"El diario La Nueva España publicó una noticia sobre una redada antidroga, mencionando la supuesta etnia gitana de las familias implicadas.",Se envió carta de queja a dicho medio.,Negativo. No hubo respuesta.,2019-01-01T00:00:00+01:00,2019-01-01T00:00:00+01:00,Asturias,Medios de comunicación,Discriminación directa,['https://www.lne.es/aviles/2019/08/09/cien-policias-desarticulan-supermercado-droga/2513548.html']
"A partir de una noticia publicada en La Nueva España sobre una pelea entre dos familias, un lector publicó un comentario que se puede encuadrar en discurso de odio: “Que los echen ya de una vez, el ganado no puede convivir con las personas!!!”","Se envió correo electrónico; para solicitar la retirada del comentario de discurso de odio. Contestaron a la carta, diciendo que estaban trabajando en ello.","Positivo, aunque tardaron, finalmente se eliminó el comentario.",2019-01-01T00:00:00+01:00,2019-01-01T00:00:00+01:00,Asturias,Medios de comunicación,Discurso de odio,['https://www.lne.es/aviles/2019/08/04/familias-pelearon-villalegre-vuelven-enfrentarse/2511457.html']
"El diario La Nueva España publicó una noticia sobre unas personas conflictivas en el pueblo de Rioturbio, mencionando su supuesta pertenencia étnica gitana.",Se envió carta de queja a dicho medio.,Negativo. No hubo respuesta.,2019-01-01T00:00:00+01:00,2019-01-01T00:00:00+01:00,Asturias,Medios de comunicación,Discriminación directa,['https://www.lne.es/cuencas/2019/07/28/jamoneros-vuelven-siembran-miedovecinos/2508476.html']
"El diario La Nueva España publicó una noticia sobre un robo en una vivienda, mencionando la supuesta etnia gitana de la víctima y la de los presuntos ladrones.",Se envió carta de queja a dicho medio.,Negativo. No hubo respuesta.,2019-01-01T00:00:00+01:00,2019-01-01T00:00:00+01:00,Asturias,Medios de comunicación,Discriminación directa,['https://www.lne.es/sucesos/2019/07/31/saquean-viviendas-supuestos-agresoresgitano/2509644.html']
"El diario Las Provincias publicó una noticia sobre una banda de estafadores, mencionando su supuesta etnia gitana.",Se envió carta de queja a dicho medio.,Positivo. Se cambió la noticia eliminando esa referencia étnica.,2019-01-01T00:00:00+01:00,2019-01-01T00:00:00+01:00,Valencia,Medios de comunicación,Discriminación directa,['https://www.lasprovincias.es/sucesos/estafas-accidentes-coche-20190719154407-nt.html']
"El diario 20 Minutos publicó una noticia sobre una agresión a un socorrista en una piscina, mencionando la etnia del presunto agresor.",Se envió carta de queja a dicho medio.,Negativo. No hubo respuesta.,2019-01-01T00:00:00+01:00,2019-01-01T00:00:00+01:00,Palencia,Medios de comunicación,Discriminación directa,['https://www.20minutos.es/noticia/3695776/0/agreden-socorrista-llamo-atencion-banarseropa-calle-piscina/']
"El periódico El Comercio publicó una noticia sobre una pelea entre dos familias, donde una persona resultó herida, mencionando la supuesta etnia gitana de los implicados.",Se envió carta de queja a dicho medio.,Negativo. No hubo respuesta.,2019-01-01T00:00:00+01:00,2019-01-01T00:00:00+01:00,Asturias,Medios de comunicación,Discriminación directa,['https://www.elcomercio.es/aviles/detenidos-padre-hijo-golpear-herido-grave-aviles-20190730001728-ntvo.html']
"El periódico ABC publicó una noticia sobre una pelea con arma blanca entre varias personas de una misma familia, mencionando la etnia de estas.",Se envió carta de queja a dicho medio.,Negativo. No hubo respuesta.,2019-01-01T00:00:00+01:00,2019-01-01T00:00:00+01:00,Toledo,Medios de comunicación,Discriminación directa,['https://www.abc.es/espana/castilla-la-mancha/toledo/pueblos/abci-hombres-resultanheridos-arma-blanca-illescas-201907201054_noticia.html']
"El diario La Verdad publicó una noticia sobre un conflicto entre dos grupos de personas, donde menciona la etnia de dichos grupos (gitanos y marroquíes).",Se envió carta de queja a dicho medio.,Negativo. No hubo respuesta,2019-01-01T00:00:00+01:00,2019-01-01T00:00:00+01:00,Murcia,Medios de comunicación,Discriminación directa,['https://www.laverdad.es/murcia/horas-tension-alguazas-20190723002903-ntvo.html']
"La Voz de Galicia publicó una noticia sobre una ocupación de vivienda, mencionando la etnia de las personas implicadas.",Se envió carta de queja a dicho medio.,Negativo. No hubo respuesta.,2019-01-01T00:00:00+01:00,2019-01-01T00:00:00+01:00,A Coruña,Medios de comunicación,Discriminación directa,['https://www.lavozdegalicia.es/noticia/santiago/2019/07/09/miembros-familia-okupancinco-pisos-pelamios/0003_201907S9C1995.htm']
"El periódico La Región publicó un artículo sobre un altercado en un hospital en Verín, mencionando la etnia de algunos de los implicados.",Se envió carta de queja a dicho medio.,Negativo. No hubo respuesta.,2019-01-01T00:00:00+01:00,2019-01-01T00:00:00+01:00,Ourense,Medios de comunicación,Discriminación directa,['https://www.laregion.es/articulo/monterrei/familia-aterrorizo-urgencias-hospitalverin/20190625072502879263.html#comentarios']
El periódico Mediterráneo Digital publicó una noticia con el titular “Un gitano se fuga de la cárcel de Picassent”.,Se envió carta de queja a dicho medio.,Negativo. No hubo respuesta. Este medio de extrema derecha es conocido por publicar noticias falsas para criminalizar a ciertos colectivos.,2019-01-01T00:00:00+01:00,2019-01-01T00:00:00+01:00,Valencia,Medios de comunicación,Discriminación directa,['https://www.mediterraneodigital.com/sucesos-espana/ultimas-noticias-sucesos-espana/se4/preso-fuga-carcel-picassent']
"Diario de Navarra y Noticias de Navarra publicaron una noticia sobre una pelea entre dos grupos de personas, mencionando sus pertenencias étnicas (gitanos y subsaharianos). En la noticia aparecieron comentarios negativos publicados por algunos lectores sobre las personas gitanas.",Se envió carta de queja a dichos medios.,Negativo. No hubo respuesta ni se retiraron los comentarios.,2019-01-01T00:00:00+01:00,2019-01-01T00:00:00+01:00,Navarra,Medios de comunicación,Discriminación directa,['https://www.diariodenavarra.es/noticias/navarra/2019/06/08/dos-heridos-por-armablanca-durante-una-pelea-ocurrida-ansoain-654154-300.html']
El periódico El Comercio publicó una noticia sobre el arresto a una mujer a la que describía como “una matriarca gitana”.,Se envió carta de queja a dicho medio.,Negativo. No hubo respuesta.,2019-01-01T00:00:00+01:00,2019-01-01T00:00:00+01:00,Asturias,Medios de comunicación,Discriminación directa,['https://www.elcomercio.es/asturias/cuencas/policia-nacional-detiene-20190531001923-ntvo.html']
El medio digital Crónica Global publicó una noticia en la que afirmaba que Ada Colau contrataba clanes gitanos para vigilar obras municipales.,Se envió carta de queja a dicho medio.,Negativo. No hubo respuesta.,2019-01-01T00:00:00+01:00,2019-01-01T00:00:00+01:00,Barcelona,Medios de comunicación,Discriminación directa,['https://cronicaglobal.elespanol.com/politica/colau-obras-vigilancia_255516_102.html']
"La Gaceta de Salamanca publicó una noticia sobre un altercado en un hospital, en el que menciona la etnia de algunos de los presuntos implicados.",Se envió carta de queja a dicho medio.,Negativo. No hubo respuesta.,2019-01-01T00:00:00+01:00,2019-01-01T00:00:00+01:00,Salamanca,Medios de comunicación,Discriminación directa,['https://www.lagacetadesalamanca.es/salamanca/peticion-de-mas-vigilancia-y-control-antelos-continuos-escandalos-de-gitanos-en-el-hospital-XH999145']
"Tras el sucedido en verano en Estepa, Sevilla (agresiones físicas y verbales producidas contra varias familias gitanas por vecinos y vecinas de la localidad) varios canales de YouTube y distintos periódicos nacionales que publicaron comentarios discriminatorios y racistas hacia la comunidad gitana en general. 
Estepa estalla contra el clan de ‘Los Chorizos’ tras aguantar años de robos y violencia. Los vecinos de este pueblo no aguantan más los continuos robos Cientos de vecinos de Estepa salieron a la calle y la tomaron con las viviendas del clan gitano de ‘Los Chorizos’. Los vecinos aseguran que llevan años aguantando robos y violencia y han decidido actuar expulsando al clan de su pueblo. ‘Los Chorizos’ amenazan con volver.” “Vecinos de Estepa (Sevilla) asaltan y queman varias casas de presuntos ladrones pertenecientes a un clan gitano.Por otro lado, la Guardia Civil mantiene abiertas diligencias en Estepa para identificar a los autores de los asaltos e incendios de las casas de este clan gitano, en las que provocaron numerosos daños y que desvalijaron.”
 La FSG ante los sucesos racistas de Estepa, manifestó que nada justifica este tipo de actuaciones, es una respuesta desproporcionada y que no cumple con la legalidad, que no debe admitirse, dado que cuando un ciudadano es culpable de la comisión de un hecho delictivo, existe ya un mecanismo de respuesta por parte de nuestro sistema jurídico. Por eso no es admisible que parte de la población pase a tomarse la justicia por su mano quemando viviendas y pidiendo la expulsión de todo un conjunto de vecinos que no estaban implicados en actividades delictivas. Por ello, siendo necesario que las autoridades y representantes públicos reiteren este argumento y que la policía y la justicia actúen con contundencia. Desde la FSG instamos al Servicio de Delitos de Odio y Discriminación de la Fiscalía Provincial de Sevilla a que abriera diligencias en este caso por considerar que hay indicios de que los hechos pueden ser constitutivos de un delito de incitación al odio racial o étnico. La Fiscalía inició diligencias y el caso se encuentra ahora en trámite judicial.",,,2014-01-01T00:00:00+01:00,2014-01-01T00:00:00+01:00,Jaén,Otros,Discurso de odio,['http://www.telecinco.es/elprogramadeanarosa/2014/julio/07-07-2014/Los_Chorizos-Estepa-Clan_gitano_2_1823880014.html']
En un periódico on line http://menorca.info/menorca/local/ 2014/483234/rumanos-gitanos-pelean-por-control-venta-ambulante-cala-turqueta.html aparece publicada una noticia con el siguiente titular: “Rumanos y gitanos se pelean por el control de la venta ambulante en Cala en Turqueta”. En el desarrollo de la misma se especifica que la policía tuvo que intervenir con violencia.,,,2014-01-01T00:00:00+01:00,2014-01-01T00:00:00+01:00,Estatal,Medios de comunicación,Discriminación directa,
"Una mujer de etnia gitana nos expuso que se sintió discriminada porque la parroquia de su barrio le negó alimentos, ella creía que fue por ser gitana. Desde el departamento nos pusimos en contacto con las técnicas referentes del incidente y solicitamos que se reunieran con el párroco para escuchar su versión. Tras la reunión comprobamos que para acceder a estos alimentos eran necesarios unos requisitos establecidos por la parroquia y por Cáritas. Nos pusimos en contacto con los técnicos de Madrid para valorar y obtener más información sobre el caso. Desde el departamento solicitamos una reunión con el párroco y/o responsable de la gestión de alimentos, pero nos informaron que no querían saber nada de lo sucedido ni reunirse con nosotros/as.",,,2014-01-01T00:00:00+01:00,2014-01-01T00:00:00+01:00,Madrid,Otros,Discriminación directa,
"Un joven gitano, participante de programas de la FSG en Granada, nos informó que estaba en proceso de separación y que su expareja (no gitana) continuamente le hacía comentarios racistas y acusaciones tales como que “era un ladrón y que su familia también”. Todos los comentarios insistían en su condición étnica. El joven nos trasladó que temía que esas palabras podrían generar una actitud de rechazo hacia su familia y que igualmente podrían repercutir en su proceso de separación.",,,2014-01-01T00:00:00+01:00,2014-01-01T00:00:00+01:00,Granada,Otros,Discriminación directa,
"Se puso en contacto con nosotros una mujer gitana para comentarnos que se sentía discriminada porque el ayuntamiento de Mallorca no le había respondido a una solicitud que hizo con respecto a unas cuadras y unas licencias. Consideraba que sus caballos eran aptos para desarrollar la actividad relacionada con el paseo de caballos que venían desarrollando desde hacía años. La mujer y su familia se sintieron discriminados por el ayuntamiento, y nos trasladaron que si les denegasen las licencias lo pasarían muy mal. Informamos a la afectada de las posibles gestiones que podíamos hacer desde el Departamento para informar al ayuntamiento de Mallorca de la situación en la que encontraba su familia y de que igualmente esperaban una respuesta. Finalmente, la mujer nos pidió que no interviniéramos, ya que tenían familiares que se dedicaban a lo mismo y podría perjudicarles.",,,2014-01-01T00:00:00+01:00,2014-01-01T00:00:00+01:00,Baleares,Otros,Discriminación directa,
"Desde la FSG Madrid nos llegó un caso relacionado con el código ético de Grupo Catalana Occidente S.A y su Grupo de Sociedades donde se apreciaba una discriminación indirecta a las minorías étnicas en general. En la introducción del código ético aparecía la siguiente referencia relacionada con los valores de la sociedad: 
“5.2. Imparcialidad El Grupo Catalana Occidente tratará respetuosamente a las personas con las que se relaciona profesionalmente y evitará todo tipo de discriminación por razón de nacimiento, sexo, religión, opinión o cualquier otra condición o circunstancia personal o social.”
 Como se podía observar entre los motivos de discriminación habían obviado el motivo por origen racial o étnico. Desde el departamento tratamos de ponernos en contacto con el responsable de RRHH pero sin éxito. Evidentemente es muy difícil constatar que la exclusión del motivo étnico o racial haya sido por razones discriminatorias. Este caso nos llegó a través de un joven gitano que entregó su CV a la empresa y le rechazaron por motivos étnicos.",,,2014-01-01T00:00:00+01:00,2014-01-01T00:00:00+01:00,Madrid,Otros,Discriminación indirecta,
"Un joven gitano informó a los técnicos de la FSG en Lugo que había sido discriminado e insultado por una vecina de su hermana por el simple hecho de ser gitano y que por este motivo la ha denunciado. Fue con su hija menor a casa de su hermana y cuando se disponía a entrar en la vivienda, salió la vecina de la suya y sin ningún motivo ni razón, le hizo los siguientes comentarios: “gitanos de mierda” “id a buscar a la basura que es a lo que os dedicáis”. El joven, nos informó de que fue injusto el trato que recibieron tanto él como su hija y que por eso, denunció a la comisaría de policía los hechos. Tras el juicio pertinente recibió una sentencia a su favor en la que se condenó a la vecina por injurias al pago de una multa. El joven nos traslada que siente satisfecho con la resolución. Este es un ejemplo positivo donde se demuestra que la denuncia es útil, ya que hay resoluciones condenatorias contra discursos de odio y actos de discriminación.",,,2014-01-01T00:00:00+01:00,2014-01-01T00:00:00+01:00,Lugo,Otros,Discriminación directa,
"El coordinador de FSG y la orientadora Laboral de Don Benito se reunieron con la propietaria de la academia con la que habían firmado la formación finalista: “Uñas de gel”. Se reunieron con ella para ajustar el precio final del curso en base al incumplimiento de los objetivos acordados, además de comentarle las quejas que nos habían manifestado nuestros beneficiarios/as en cuanto al trato recibido por las tutoras durante el curso. En el desarrollo de la reunión la propietaria declaró que no estaba de acuerdo con el reajuste final del precio, que “ya sabía que se encontraría con este tipo de problemas”, que trabajar con “esta población” es complicado, más que con cualquier otra de otra minoría o religión, y que sabía perfectamente cuando firmó y aceptó realizar la formación los problemas que ello le traería, dándolo por sentado. Desde el departamento esperamos a que terminara el curso para solicitar una reunión con la propietaria de la academia y trasladarle que esa actitud en relación a las personas gitanas no era la correcta.",,,2014-01-01T00:00:00+01:00,2014-01-01T00:00:00+01:00,Badajoz,Otros,Discriminación directa,
"Una compañera de la FSG, nos comentó que estando en una cafetería cenando, escuchó al lado en otra mesa a dos personas haciendo comentarios discriminatorios sobre los gitanos como “pareces un gitano: sólo sirves para vender y para robar”. La compañera no pudo actuar en ese momento porque las personas que hicieron el comentario ya salían. No obstante, se sintió ofendida por esos comentarios discriminatorios hacia la comunidad gitana. Otro ejemplo más de los estereotipos y prejuicios negativos que existen hacia la comunidad gitana.",,,2014-01-01T00:00:00+01:00,2014-01-01T00:00:00+01:00,Valencia,Otros,Discriminación directa,
"Una compañera de la FSG, nos comentó que estando en una reunión del Culto Evangélico, una de las personas asistentes planteó una situación de necesidad en vivienda y empleo, a lo que uno de las asistentes respondió que el alquiler en la zona de Juan XXIII era más barato. Antes esta sugerencia el implicado dijo textualmente: “no quiero vivir porque en esa zona hay muchos gitanos y que ya se sabe cómo son”… Ante esta situación la compañera, le dijo que ella era gitana y que no debía tener esa clase de prejuicios, generalizando de forma negativa hacia los gitanos. Ante esto, la persona comentó que había tenido una mala experiencia con personas gitanas, a lo que la compañera respondió que esa experiencia ha sido con unas personas en concreto, que todos los gitanos no tienen la misma manera de actuar y que no debería de generalizar, ya que no todos los gitanos son iguales. Seguidamente le ofreció el recurso de la FSG, concretamente el Programa Acceder, ya que tenía necesidad de encontrar un trabajo a tiempo completo. Actualmente esta persona es usuaria del programa Acceder, y se disculpó con dicha compañera.",,,2014-01-01T00:00:00+01:00,2014-01-01T00:00:00+01:00,Valencia,Otros,Discriminación directa,
"Una mujer de etnia gitana estuvo trabajando en 2013 en un domicilio particular. A través de una noticia que salió en la prensa informaban que un hombre de etnia gitana había sido asesinado por un hombre de nacionalidad china en Sabadell. La mujer dijo a su empleadora que ella era gitana, después de los comentarios despreciativos que realizó la empleadora hacia la comunidad gitana. A partir de ese momento la mujer tuvo la sensación de que la relación con su empleadora había cambiado, ésta era más desconfiada sobre la honestidad de la mujer de etnia gitana según lo que manifestaba con sus comentarios: por ejemplo le preguntaba en ocasiones si había encontrado un pendiente que no encontraba y también tenía la sensación de que la ponía “a prueba”, dejándole por ejemplo dinero encima de la mesa. La relación laboral finalizó con despido improcedente después de una baja de la mujer. La mujer afectada no quiso realizar ninguna acción de denuncia posterior.",,,2014-01-01T00:00:00+01:00,2014-01-01T00:00:00+01:00,Barcelona,Otros,Discriminación directa,
"El dispositivo del Programa ACCEDER de Sabadell organizó un Certificado de profesionalidad de operaciones básicas de restaurante y bar, firmando para el desarrollo del mismo un convenio de colaboración con el SOC (Servicio de Empleo de Cataluña). El SOC, como norma, publica en su página web todas las formaciones que se realizan en Cataluña, y así lo hizo también con nuestra formación. Esto dio pie a que diferentes personas interesadas en la formación llamaran pidiendo información sobre el mismo al servicio de Promoción Económica de Sabadell, que era el proveedor formativo encargado de impartir la formación. Se recibió una llamada de una chica interesada en la formación. Una compañera del dispositivo cogió el teléfono, y le contó que era una formación que ya se había iniciado y que además se priorizaba a las personas de etnia gitana en la misma ya que la financiación y coorganización la llevaba a cabo la Fundación Secretariado Gitano. Entonces la chica ante la información que le dio la compañera hizo los siguientes comentarios: 
“Gitanos, todo es para los gitanos y los inmigrantes, hijos de puta de los gitanos; ¿pero esto no estaba publicado en la página web?”, a lo que la compañera respondió que era un error del SOC que estábamos intentando enmendar.
",,,2014-01-01T00:00:00+01:00,2014-01-01T00:00:00+01:00,Barcelona,Otros,Discurso de odio,
"Un chico gitano, nos informó de lo que le ocurrió en una tienda de ropa a la que fue para hacer una entrevista inicial para acceder a una formación para ser dependiente. Al estar viendo ropa, se dio cuenta antes de salir de la tienda que la cajera avisaba al guarda de seguridad, y en el momento de salir de la tienda el guarda quiso cachearlo. Él se negó, y entonces le pidieron pasar a un despacho privado. Él chico también se negó, y para poder salir sin problemas tuvo que levantarse la camiseta para que vieran que no llevaba ningún artículo de la tienda escondido. Posteriormente abandona la tienda sin problemas.",,,2014-01-01T00:00:00+01:00,2014-01-01T00:00:00+01:00,Barcelona,Otros,Discriminación directa,
"El Director Territorial de la Fundación Secretariado Gitano en Asturias recibe la llamada telefónica de un periodista de Avilés que le comenta que el Musical “Pulgarcita” de Carverespectaculos y Artes Escénicas representado en el auditorio Centro cultural Niemeyer hace alusiones directas y discriminatorias a la comunidad gitana y que él como periodista ha recogido la queja de varios espectadores al respecto. La adaptación del cuento de Hans Christian Andersen, convirtió a la familia Sapo de la narración en una familia gitana y utilizó todos los estereotipos al respecto para hacer humor fácil y sin argumento, con expresiones peyorativas contra la comunidad gitana, lo que supone un acto de discriminación. El director territorial de la Fundación hizo mención a esta situación en el periódico La Nueva España denunciando los hechos y lamentando que a día de hoy una representación para niños y niñas cayera en estos tópicos discriminatorios. Recibimos una llamada de una señora de Oviedo al dispositivo de la Fundación manifestando también su malestar. Esta señora comentó que mandó un email a la compañía para quejarse por esta adaptación teatral. Desde el Departamento de Igualdad se escribió a la productora sin obtener respuesta.",,,2014-01-01T00:00:00+01:00,2014-01-01T00:00:00+01:00,Asturias,Otros,Discriminación directa,
"Un joven gitano que se dedicaba a la recogida de chatarra, se acercó a la FSG en Avilés y nos informó de que fue multado por la Guarda Civil. En el escrito de la sanción aparecía lo siguiente: 
“durante la realización del servicio propio de la especialidad se observa una furgoneta, marca Citroën, modelo jumper, de las habitualmente utilizadas por personas de etnia gitana para la recogida de residuos”.
 Desde el departamento de Igualdad escribimos a la Delegación de Gobierno de Asturias, manifestando nuestro malestar no por la multa -ya que tras la revisión de la documentación todo parecía indicar que su imposición fue correcta-, sino por las expresiones claramente discriminatorias que aparecían en el documento, que hacían referencia a la etnia de la persona.",,,2014-01-01T00:00:00+01:00,2014-01-01T00:00:00+01:00,Asturias,Otros,Discriminación directa,
"Una mujer gitana acudió a un supermercado sin bolso y sin carro, con el dinero justo para comprar una caja de leche. Nada más entrar la cajera aviso a los dos mozos de almacén para que la vigilaran. Cuando fue a pagar la mujer le dijo a la cajera: “¿por qué has hecho eso?” (Refiriéndose a que había enviado a los dos mozos de almacén para que la vigilaran) a lo que ésta contesto: “¿yo?, el ¿qué?” y se rio de ella. La usuaria manifestó que se sintió impotente y desprotegida ante esta situación y que no es la primera vez que le ocurría.",,,2014-01-01T00:00:00+01:00,2014-01-01T00:00:00+01:00,Zaragoza,Otros,Discriminación directa,
"Una mujer gitana, nos informó de que fue a solicitar ayuda a la trabajadora social del barrio. Tras contarle el motivo de su entrevista (la joven no podía seguir haciendo frente al pago de su hipoteca), nos informó asombrada de que la trabajadora social le había ofrecido un radiador para calentar la vivienda. La mujer gitana no entendía por qué la trabajadora social le ofreció un radiador, ya estos aparatos consumen mucha electricidad, cuando ella quería tener menos gastos. La joven afirmó que el trato que le dio la trabajadora social, para ella fue irrespetuoso y maleducado. En algunas ocasiones, nos encontramos con la falta de sensibilidad y de asertividad de determinados profesionales que desarrollan su trabajo con personas en riesgo de exclusión social o con minorías étnicas. Es muy importante que los/las profesionales que desarrollan una labor social sean conscientes de la situación real de muchas familias gitanas y no gitanas.",,,2014-01-01T00:00:00+01:00,2014-01-01T00:00:00+01:00,Zaragoza,Otros,Discriminación directa,
"A la FSG de Cádiz nos llega una carta anónima que incluye una noticia de un periódico cuyo titular tiene que ver con el apoyo a la comunidad gitana en Bujalance (Córdoba), Escrito sobre esta noticia aparece el siguiente mensaje: 
“gitanos de mierda – sois nuestra desgracia”
",,,2014-01-01T00:00:00+01:00,2014-01-01T00:00:00+01:00,Cádiz,Otros,Discriminación directa,
"Una mujer gitana, participante de nuestro programa Acceder en Almería junto a su hija, se acercaron un día a una parroquia para pedir información al párroco sobre el banco de alimentos, y éste les dijo: “Aquí no os vamos a dar nada, iros a donde pertenecéis.” Ellas quedaron muy sorprendidas por lo que les dijo el párroco, se fueron directamente sin decir nada. Nos comentan que se sintieron mal, que se sintieron discriminadas por ser gitanas y vivir en un barrio pobre. Aunque no entendían la actitud ni los comentarios del párroco, no quisieron llevar a cabo ninguna acción por miedo a posibles represalias.",,,2014-01-01T00:00:00+01:00,2014-01-01T00:00:00+01:00,Almería,Otros,Discriminación directa,
"El 19 de agosto tuvo lugar un incidente en el municipio de Castellar (Jaén) que se saldó con daños materiales y tres personas imputadas, hechos que fueron enjuiciados a través de un juicio rápido. A esos hechos le siguieron manifestaciones vecinales no autorizadas, convocadas a través de teléfonos móviles y redes sociales, pidiendo que varias familias gitanas se marcharan del pueblo, profiriendo lo siguiente: “gitanos de mierda, fuera del pueblo, hijos de puta fuera de Castellar, os vamos a quemar vuestras casas, gitanos fuera del pueblo”. Las familias abandonaron sus viviendas temporalmente y posteriormente algunos de sus miembros regresaron. Una de las viviendas de una de estas familias fue parcialmente incendiada y algunos de los miembros se sintieron acosados por los vecinos. A lo largo de la semana se volvieron a suceder otras manifestaciones contra las familias gitanas que viven en el municipio… Ante esta grave situación, desde la Fundación Secretariado Gitano (FSG) pedimos que fueran las autoridades públicas las que actuaran y que se evitara que los vecinos atacaran o persiguieran a familias gitanas o quemaran sus viviendas. Corresponde a la policía y a la justicia proteger a todos los ciudadanos y actuar con contundencia ante cualquier ataque violento. Ante los hechos producidos la delegación del gobierno desarrolló las acciones oportunas, identificando a diversos participantes en la manifestación e instruyendo diversos expedientes administrativos. Junto a ello, y ante la gravedad de los hechos y la situación de indefensión que se encontraban las familias gitanas afectadas, desde la Fundación Secretariado Gitano y otras ong´s del Consejo Estatal del Pueblo Gitano decidimos personarnos como acusación popular en el procedimiento judicial, al considerar que los actos producidos eran constitutivos de un delito de incitación al odio, entre otros ilícitos. El estado actual del proceso es el siguiente: el juzgado de instrucción dictó un Auto de continuación del procedimiento al considerar que había indicios de la constitución de diversos ilícitos. Resolución que fue recurrida ante la Audiencia Provincial de Jaén y que lamentamos que haya resuelto con un Auto de sobreseimiento provisional de la causa, que consideramos totalmente injusto, y que evidencia la falta de resupuesta del sistema judicial ante el antigitanismo, por lo que vamos a continuar recurriendo.",,,2014-01-01T00:00:00+01:00,2014-01-01T00:00:00+01:00,Jaén,Otros,Discriminación directa,
"Un joven gitano nos expuso este incidente. El viernes 20 de junio, decidió acordar un viaje por Blablacar. Al preguntar al conductor cuánta gente iba en el coche respondió: “sois 3 viajeros, yo y 2 gitanos que llevo en el maletero”. El joven gitano no hizo comentarios ante esta frase antigitana. Luego en el viaje, al preguntarle dónde trabajaba contestó que en FSG. El conductor se disculpó explicando que sólo era una broma y que él mismo tenía amigos gitanos. En el viaje de vuelta, con otra persona, salió el tema de conversación acerca de sus trabajos. El joven gitano comentó que trabajaba en Fundación Secretariado Gitano, a lo que el conductor respondió: “yo soy muy abierto, y respeto a todos los colectivos: inmigrantes, lgtb, etc… Pero con los putos gitanos no puedo”. El joven gitano no contestó en ese momento. Después del viaje le escribió: “la expresión “putos gitanos” no te ha quedado nada bien y además llevabas a un gitano montado a tu lado”. El conductor contestó disculpándose.",,,2014-01-01T00:00:00+01:00,2014-01-01T00:00:00+01:00,Jaén,Otros,Discriminación directa,
"CEPAIM informó a la FSG Sevilla de una serie de situaciones discriminatorias entre jóvenes gitanos y no gitanos. Los jóvenes gitanos denunciaron que durante un tiempo se han sentido amenazados y discriminados por jóvenes no gitanos y de otras nacionalidades y que no les dejaban participar en los grupos de trabajo que la entidad CEPAIM organizaba para todos ellos, con el objetivo de mejorar la formación de todos los jóvenes. El departamento se puso en contacto con las técnicas de CEPAIM en Sevilla, quienes nos confirmaron que los incidentes se habían solucionado con acciones de sensibilización y un taller para mejorar la convivencia entre los jóvenes.",,,2014-01-01T00:00:00+01:00,2014-01-01T00:00:00+01:00,Sevilla,Otros,Discriminación directa,
"El 5 de julio de 2014 los vecinos del pueblo de Estepa en Sevilla, se alzaron violentamente contra unas familias gitanas y sus viviendas acusándolas de ser causantes de algunos robos. Se organizó una manifestación no autorizada de cerca de 400 vecinos tras la que algunos de ellos asaltaron varias casas y prendieron fuego a dos. La manifestación fue convocada en protesta por una serie de robos y atracos que según estos vecinos sufría la localidad desde hacía meses y de los que se culpabilizaba a una familia gitana que denominaban “el clan de los Chorizos” y que habitaban algunas de estas viviendas atacadas. Desde la FSG se han desarrollado varias acciones: un comunicado FSG, y una denuncia ante la Fiscalía de Odio y Discriminación. Asimismo se han enviado escritos ante la Delegación de Gobierno quién informó al departamento de que habían remitido las diligencias oportunas al Juzgado, ante la Secretaría Provincial de Justicia e Interior, y ante el Defensor del Pueblo Andaluz. La difusión de estos actos violentos fue muy amplia en los medios de comunicación en general lo que reforzó los estereotipos y prejuicios negativos hacia la comunidad gitana. La Fiscalía de Delitos de Odio y Discriminación está interviniendo en este caso, y nos ha informado que el procedimiento se encuentra en fase de instrucción en los juzgados de Sevilla.",,,2014-01-01T00:00:00+01:00,2014-01-01T00:00:00+01:00,Sevilla,Otros,Discurso de odio,
"Al Departamento nos llegó un caso relacionado con un grupo de jóvenes gitanas que formaban parte de un curso formativo. Las jóvenes nos comentaron que estaban siendo objeto de numerosos comentarios racistas por parte de sus compañeros/as por el hecho de ser de etnia gitana. El padre de una de ellas lo puso en conocimiento del director del curso. Desde el Departamento de Igualdad nos pusimos en contacto con el director del centro y tras constatar la información que nos dio el padre de una de los jóvenes propusimos al centro que durante el curso o cualquier otra formación se impartiera un módulo de interculturalidad con el fin de sensibilizar sobre la diversidad cultural y el respecto a la comunidad gitana. Tras el desarrollo de esos talleres de interculturalidad y una charla sobre respeto a la diversidad, desde el territorio nos informaron que aquellas situaciones no se volvieron a repetir.",,,2014-01-01T00:00:00+01:00,2014-01-01T00:00:00+01:00,Jaén,Otros,Discriminación directa,
"A la FSG en Linares llegó una pareja de jóvenes gitanos, nos trasladaron que estaban muy indignados por la situación claramente discriminatoria de la que habían sido objeto. Los jóvenes nos contaron que contrataron unos servicios fotográficos y de vídeo para la grabación de su boda y que cuando los fotógrafos se dieron cuenta que eran gitanos y que lo que tendrían que grabar sería una boda gitana, los fotógrafos se negaron rotundamente argumentando que “las peladillas les podían romper las cámaras y el resto de material fotográfico y de video”. Los jóvenes nos trasladaron que se sintieron discriminados por ser gitanos, pues desde luego, aseguraron que “no se negarían si hubiesen tenido que fotografiar una boda paya”.",,,2014-01-01T00:00:00+01:00,2014-01-01T00:00:00+01:00,Jaén,Otros,Discriminación directa,
"Al Departamento de Igualdad llegó una queja por parte de una asociación de vecinos del pueblo de Láchar (Granada). La asociación estaba muy molesta por la publicación de un escrito, con el nombre “Memorial de la Comunidad Gitana de Láchar”. Dicho escrito (editado y difundido por un vecino del pueblo) además de recoger datos personales de los vecinos y vecinas de etnia gitana del pueblo, recogía comentarios y expresiones que según considera la asociación eran discriminatorios y racistas hacia la comunidad gitana y en concreto a los gitanos y las gitanas del pueblo. Desde el Departamento de Igualdad, tras la revisión y análisis del documento y tras constatar la existencia de la referencia en el documento de datos personales de las personas gitanas del pueblo y de los comentarios estereotipados y discriminatorios hacia ellas, enviamos un escrito de queja al autor del Memorial solicitándole la retirada de la publicación por atentar contra el Derecho a la Imagen y Dignidad de esas personas. Al poco tiempo al Departamento nos llegó una carta del autor del Memorial en la que además trasladarnos que se sentía avergonzado por lo sucedido, pidió disculpas a todas las personas que se hubieran podido sentir ofendidas por el contenido de su Memorial destacando que en ningún momento su intención fue ofender a las personas gitanas del pueblo, a las que sin duda, les tiene mucho aprecio y respeto.",,,2014-01-01T00:00:00+01:00,2014-01-01T00:00:00+01:00,Granada,Otros,Discriminación directa,
"Desde la FSG Sevilla nos llegó esta imagen de la fachada de su sede, en donde aparecía el siguiente mensaje: “Esto es racismo” con la cruz celta (cruz utilizada por los grupos neonazis) y las siglas DNJ (Democracia Nacional Joven, grupo neonazi). Estas pintadas fueron recogidas en un documento notarial con fecha del 17 de marzo 2014. Este caso fue presentado ante la Fiscalía Provincial de Sevilla, en los Servicios de Delitos de Odio y Discriminación de Sevilla. En este caso, recibimos respuesta de la Fiscalía de Sevilla quién archivó la denuncia presentada por no tener indicios que permitiesen atribuir dicha acción a persona o personas determinadas. Después de haber denunciado estos actos no se han vuelto a repetir.",,,2014-01-01T00:00:00+01:00,2014-01-01T00:00:00+01:00,Sevilla,Otros,Discriminación directa,
"Una mujer gitana se personó en la FSG Granada con su hijo menor, que tiene una discapacidad, y nos trasladó que se había sentido discriminada por los servicios sociales de Granada. La mujer nos informó que había solicitado una ayuda a una trabajadora social de los servicios sociales de granada para la tramitación del certificado de discapacidad de su hijo y que tras varios meses de espera, le contestaron que no eran competentes. La mujer indignada nos comentó que se sintió discriminada y desprotegida, ya que no le informaron a tiempo como correspondía conociendo la situación en la que se encontraba su familia. La mujer estaba convencida de que la falta de atención y el mal tratamiento personal por parte de los servicios sociales hacia ella estaba directamente relacionada con su condición de gitana. El Departamento solicitó la documentación al respecto y ofreció a la mujer la posibilidad de hacer una interlocución con los servicios sociales de Granada e informar de su situación. La mujer no quiso que el departamento interviniera ya que consideraba que cualquier actuación podía perjudicar su expediente.",,,2014-01-01T00:00:00+01:00,2014-01-01T00:00:00+01:00,Granada,Otros,Discriminación directa,
"Una mujer gitana nos trasladó que había perdido la guardia y custodia de su hija porque en la demanda de separación el padre de la menor alegó que “vivir y educarse en una familia gitana podría tener consecuencias negativas para su hija”. La joven, que esperaba un juicio por la custodia de su hija, nos relató que se sintió muy mal ya que temía que esos comentarios discriminatorios pudieran incidir en la decisión del juez.",,,2014-01-01T00:00:00+01:00,2014-01-01T00:00:00+01:00,Granada,Otros,Discriminación directa,
"Un joven gitano fue con dos amigos a echar la solicitud para estudiar un módulo en un instituto. Mientras esperaban en la cola en un patio exterior al centro, nos comentó que se le acercó otro joven y que se le quedó mirando. Acto seguido cuando el joven pasó al interior del edificio sin mediar palabra le propino un puñetazo y le insulto, haciendo referencia a su condición de gitano. El joven atemorizado como no quería problemas se refugió en las instalaciones del Instituto. Después de entregar la solicitud para su matrícula, el joven fue al hospital y contó lo que le había pasado, en urgencias le abrieron un parte de lesiones. Desde el departamento le animemos a que denunciara pero no quiso ya que no confiaba en que sirviera de nada y no quería problemas. El motivo de la agresión fue la pertenencia a la etnia gitana del joven. Ha quedado confirmado por la persona agredida que el agresor le hizo comentarios racistas hacia las personas gitanas.",,,2014-01-01T00:00:00+01:00,2014-01-01T00:00:00+01:00,Badajoz,Otros,Discriminación directa,
"En una sala de espera de una consulta médica en donde esperaban algunos pacientes, entre ellos una mujer gitana, un hombre hizo comentarios sobre cómo conducen los gitanos y las gitanas diciendo que “todos conducen muy mal, hacen lo que les da la gana siempre. No respetan las normas”. La joven gitana allí presente contesto a esta persona diciendo que no estaba de acuerdo con su comentario, ya que no son todos, son sólo algunos. Después de este comentario, el hombre asintió con la cabeza y se calló.",,,2014-01-01T00:00:00+01:00,2014-01-01T00:00:00+01:00,Badajoz,Otros,Discriminación directa,
"Una mujer joven no gitana se acercó a la FSG en Mérida y sin más, se dirigió a las personas que estaban en la sala e hizo comentarios tales como “los gitanos se aprovechan de las ayudas sociales hasta agotarlas”. Las técnicas allí presentes le respondieron que lo que estaba diciendo eran puros estereotipos y que no tenía por qué hacer esos comentarios sin conocer la verdadera realidad de esta comunidad. Después de que las técnicas hablaran con la mujer sobre la situación de la comunidad gitana la mujer entendió que el comentario que hizo no fue afortunado, y se disculpó.",,,2014-01-01T00:00:00+01:00,2014-01-01T00:00:00+01:00,Badajoz,Otros,Discriminación directa,
"Una de las víctimas de este caso fue el entrenador del equipo de futbol de una asociación del barrio José Antonio de Alicante cuyos jugadores son menores gitanos. Nos comentó que jugaron un partido contra el equipo de fútbol del colegio British School en una pista del polideportivo de San Blas del Ayuntamiento de Alicante. Durante el partido algunos familiares del otro equipo increparon a los menores gitanos con insultos tales como “sois unos delincuentes”, “sois unos navajeros”, “sois unos gitanos de mierda”. El técnico de la FSG en Alicante informó al Departamento y tras constatar lo sucedido el entrenador del equipo contrario fue sancionado por haber tenido un comportamiento y actitudes que iban en contra de los valores y de los objetivos deportivos.",,,2014-01-01T00:00:00+01:00,2014-01-01T00:00:00+01:00,Alicante,Otros,Discriminación directa,
"Uno de los alumnos del programa Promociona, de 14 años, fue parado cuando salía de su instituto para ir a su casa, por unos agentes de movilidad que le pidieron su documentación. El alumno no tenía documentación por lo que lo llevaron en su coche a la Comisaría de policía donde le tuvieron “retenido” dos horas. En este tiempo la familia no sabía dónde estaba y nadie les llamó para decirles que estaba en comisaría. Pasadas dos horas (y sin avisar a la familia del menor) le dijeron que se fuese. Su madre fue a la mañana siguiente a denunciar lo sucedido y le dijeron que a la policía no se la podía denunciar, que a lo sumo, podía poner una queja.",,,2014-01-01T00:00:00+01:00,2014-01-01T00:00:00+01:00,Cantabria,Servicios policiales,Discriminación directa,
"Un hombre gitano que es policía nacional fue acusado por su inspector de policía, tras conocer que era gitano. La acusación fue de sustracción de anabolizantes. El departamento de Igualdad se reunió en la sede central con la familia para obtener más información y la documentación relacionada de primera mano. La familia nos trasladó que se sentían desprotegidos y discriminados por el tratamiento recibido. El joven fue condenado por esas acusaciones. La familia solicitó el indulto ya que consideraban injusto el internamiento de su hermano en prisión, indulto que le fue concedido unos meses más tarde.",,,2014-01-01T00:00:00+01:00,2014-01-01T00:00:00+01:00,Málaga,Servicios policiales,Discriminación directa,
"Un joven gitano se acercó a la FSG en Vitoria para contarles una situación en la que se había sentido discriminado por ser de etnia gitana. El joven relató que estando en su casa, la Ertzaintza lo llamó para que bajase al portal. Cuando les preguntó cuál fue el motivo, le contestaron que le tenían que notificar una infracción que supuestamente había cometido al salir del trabajo. Tras constatar lo que había ocurrido, el joven les enseñó toda la documentación del coche y seguro para que vieran que todo estaba en regla. Se disculpó por todo que había ocurrido, pues no se dio cuenta y les trasladó que asumía toda su responsabilidad. Incluso les confirmó que su compañía aseguradora se pondría en contacto con la persona o personas afectadas. Sin embargo, el joven nos informó que en todo momento la policía le atacó verbalmente por el hecho de ser gitano, pues en varias ocasiones, le tacharon de mentiroso. El joven nos comentó que lamentaba lo sucedido pero no quiso que interviniéramos ya que eso podría generar represalias y afectar al desarrollo de su trabajo, ya que no tenía testigos y era su palabra contra la de la policía.",,,2014-01-01T00:00:00+01:00,2014-01-01T00:00:00+01:00,Álava,Servicios policiales,Discriminación directa,
"La FSG en Murcia había solicitado por escrito el uso de la Plaza de la Constitución (Barrio dela Fama), para la celebración del Día de Puertas Abiertas de la FSG y habían recibido confirmación verbal de su concesión para el día 27 de junio de 18:00 a 22:00 horas, aunque habían solicitado más tiempo (hasta las 23:00). No les fue permitido poner una cantina, solicitada para la celebración de un concierto. Cuando estaban montando los diferentes stands, la policía local requirió el permiso. Respondieron no lo tenían por escrito, que se lo habían concedido por teléfono, aunque disponían de la solicitud. La policía respondió que “no tenían constancia” y se marcharon sin más problema, entendiendo que la concesión estaría en regla, aunque no notificada. Sobre las 21:00 horas comenzaron las actuaciones musicales. A las 21:45 una pareja de policías locales irrumpió con su vehículo en mitad del concierto, cerca del grupo que empezaba a actuar, desplazando el corro de personas que estábamos siguiendo la actuación y en actitud un tanto arrogante. La policía cortó la actividad metiendo el furgón por el jardín y pasando por la zona donde había muchos niños pequeños mirando la actuación. Informaron que el permiso era hasta las 20:00 horas, según su notificación (que a primera hora no tenían). La FSG Murcia consideró que esta pareja policial actuó de manera abusiva y por la manera de proceder con la interrupción de la actividad. Desde el Departamento se remitió una carta de queja a la Delegación de gobierno pero no hubo respuesta.",,,2014-01-01T00:00:00+01:00,2014-01-01T00:00:00+01:00,Murcia,Servicios policiales,Discriminación directa,
"En la Cañada Real intervienen y desarrollan programas de educación, empleo, etc. distintas entidades sociales y ONGs, incluida la Fundación Secretariado Gitano. En una de las reuniones que organizamos para informar a familias gitanas rumanas, nos encontramos con que muchas familias de la Cañada denunciaron que en bastantes ocasiones sufrían agresiones y abusos policiales de manera desproporcionada, sin que nadie les ayudara o interviniera al respecto. Desgraciadamente la situación de estas familias es bastante complicada. Las entidades que trabajamos en la Cañada estamos tratando de diseñar un protocolo de intervención con los cuerpos y fuerzas policiales de la zona al igual que con otros agentes profesionales para mejorar la convivencia y la calidad de vida de estas familias.",,,2014-01-01T00:00:00+01:00,2014-01-01T00:00:00+01:00,Madrid,Servicios policiales,Discriminación directa,
"Recibimos un correo electrónico de un joven gitano que denunciaba los abusos cometidos por los servicios policiales de madrugada a otros jóvenes gitanos que se encontraban en la calle sin hacer nada malo. Desde el departamento intentamos ponernos en contacto con él para recabar más información sobre estas incidencias, pero no tuvimos respuesta.",,,2014-01-01T00:00:00+01:00,2014-01-01T00:00:00+01:00,Madrid,Servicios policiales,Discriminación directa,
Se pone en contacto con nosotros una asociación de la zona de Madrid para infórmanos de un incidente de discriminación de un joven gitano que estaba buscando chatarra. La Guardia Civil lo detuvo y se lo llevó al calabozo. Al parecer en el trascurso de la detención la Guardia Civil agredió al joven. Nos informan que esto le ha pasado más de una vez. Desde el Departamento de Igualdad hemos solicitado a la persona que se puso en contacto con nosotros para ver cómo podemos actuar en este caso y quedamos en concertar una cita. Pero no hemos tenido respuesta.,,,2014-01-01T00:00:00+01:00,2014-01-01T00:00:00+01:00,Madrid,Servicios policiales,Discriminación directa,
"Un hombre gitano, tras su detención por presuntos malos tratos a su mujer, aseguró a ver sido insultado y golpeado por la policía nacional que lo arrestó y lo llevó al calabozo. En todo momento aseguró que todo lo que le había sucedido era por ser gitano. Desde el departamento solicitamos toda la información y documentación al respecto (denuncia, parte médico, etc.), pero no obtuvimos respuesta. Desgraciadamente son muchos los casos, sobre todo los relacionados con los servicios policiales, donde por miedo a represalias o por miedo a la autoridad policial, las personas afectadas víctimas de éstas situaciones se niegan a desarrollar cualquier actuación al respecto.",,,2014-01-01T00:00:00+01:00,2014-01-01T00:00:00+01:00,Madrid,Servicios policiales,Discriminación directa,
"Desde la FSG Vigo llegó una queja informando de que dos jóvenes gitanos, participantes del programa educativo de la FSG, fueron a examinarse de las asignaturas pendientes para obtener el título en la ESO. Unos agentes de la policía nacional que iban de paisano les solicitaron la documentación sólo a ellos dos y no al resto del grupo. Los jóvenes nos trasladaron que se sintieron discriminados por ser gitanos.",,,2014-01-01T00:00:00+01:00,2014-01-01T00:00:00+01:00,Pontevedra,Servicios policiales,Discriminación directa,
"Recibimos la llamada telefónica de una joven para denunciar que había sido testigo de una actuación de la policía local de valencia, para ella discriminatoria. La joven nos informó que la policía local de valencia, había estado llevando a cabo actuaciones de manera especial contra de las personas gitanas que tenían puestos de venta en los mercadillos. La policía según la joven, sólo pidió la documentación a las personas gitanas y no al resto, generando así desconfianza entre todos los/las vendedores/as.",,,2014-01-01T00:00:00+01:00,2014-01-01T00:00:00+01:00,Valencia,Servicios policiales,Discriminación indirecta,
"A la FSG en Alicante llegó la queja del familiar de una chica gitana rumana con discapacidad. El familiar de la joven nos informó que la chica fue agredida por la policía local mientras supuestamente practicaba la mendicidad y que no sabían que hacer ni dónde acudir. La familia nos informó que, justo cuando fueron a denunciar este tratamiento hacia su hija por parte de la policía, la policía local ya tenía puesta una denuncia contra ellos y su hija por mendicidad, motivo por el que la familia fue reticente a poner la respectiva denuncia. La familia nos trasladó que quería que constara el acto, que pero no quisieron llevar a cabo ninguna actuación por miedo a represalias.",,,2014-01-01T00:00:00+01:00,2014-01-01T00:00:00+01:00,Alicante,Servicios policiales,Discriminación directa,
"Un joven gitano rumano se puso en contacto con la FSG en Valencia para informarles que últimamente donde vive él y su familia, la policía estaba llevando a cabo actuaciones policiales (registros de viviendas de personas gitanas, registros de personas gitanas que van por la calle, etc.). El joven nos trasladó que se sentían desprotegidos y discriminados. El afectado no quiere dar su nombre ni ningún dato por miedo a represalias.",,,2014-01-01T00:00:00+01:00,2014-01-01T00:00:00+01:00,Valencia,Servicios policiales,Discriminación directa,
"Desde la FSG Valencia nos llegó el testimonio de un hombre gitano rumano que fue multado por la policía local de Valencia por haber estado buscando chatarra con su bicicleta. El hombre acudió indignado a la sede de la FSG Valencia y les trasladó que no entendía por qué la policía le había multado, si no llevaba ninguna chatarra pero menos aún, por qué le habían retirado su bicicleta. Se sintió discriminado e impotente porque no tomaron en cuenta su situación, pero también porque la policía sólo lo identificó a él y no a otras personas que estaban haciendo lo mismo que él en aquel mismo momento. Nos comentó que no sabía qué hacer para recuperar su bicicleta. Se sentía perdido y tenía miedo a que si reclamaba su bicicleta podría tener problemas. Por estos motivos, decidió no reclamar su bicicleta y pagar la multa.",,,2014-01-01T00:00:00+01:00,2014-01-01T00:00:00+01:00,Valencia,Servicios policiales,Discriminación directa,
"Unos padres acudieron la sede de la FSG en Zaragoza para comentarnos una situación que para ellos fue discriminatoria, el motivo fue ser de etnia gitana. Nos comentaron que llegaron a su casa dos agentes de policía de paisano y les pidieron que identificasen a sus hijos. Los agentes les informaron que tenían la denuncia de un robo de dos bicicletas y que las bicicletas de sus hijos, habían constatado con algunas personas de la zona, eran iguales a las descritas en la denuncia y que por ello se las tenían que llevar a comisaria en el furgón policial. El padre indignado, les comentó a los agentes de policía que eso no lo podían hacer porque las bicicletas de sus hijos se las había comprado él y eran suyas. Los policías les informaron que ellos cumplían con órdenes dadas, y que se las tenían que llevar. Igualmente les dijeron que si no las reclamaba nadie podrían ir a la comisaria a recogerlas. Después de unas semanas, los padres nos confirmaron que recuperaron las bicicletas. Trasladan al departamento que esto les pasó por ser gitanos, y están seguros que no les habría pasado a otras personas no gitanas.",,,2014-01-01T00:00:00+01:00,2014-01-01T00:00:00+01:00,Zaragoza,Servicios policiales,Discriminación directa,
"La técnica de educación nos expone que estando en el aula con los niños y niñas gitanos del Programa FSG Promociona, llamó un agente de policía a la puerta del aula; la profesora que se encontraba en ese momento abrió la puerta. Al abrir la puerta del aula el agente de policía le preguntó que si entre los alumnos y alumnas que allí se encontraban, alguno de ellos se llamaba Juan o Yasmina. Cuando la profesora pregunto para qué, el agente le contesto que los buscaba por haber pintado en todas las paredes cercanas a la comisaria. La profesora contestó que no estaban allí. El policía (no creyéndose lo que le decía la profesora) preguntó señalando a los alumnos: “¿no serán esos que tienes ahí?” Los niños y niñas se asustaron. Los policías se marcharon sin pedir disculpas. Este caso es un caso más de estereotipos hacia las personas gitanas.",,,2014-01-01T00:00:00+01:00,2014-01-01T00:00:00+01:00,Zaragoza,Servicios policiales,Discriminación directa,
"Un pastor evangelista de un pueblo de Almería contactó con la FSG Almería para comentarles unas actuaciones policiales llevadas a cabo por parte de la policía de la zona, hacia unas familias gitanas, que consideraba desproporcionadas y violentas, y por esto discriminatorias y fuera de lugar, ya que en las familias había menores. Desde el departamento tratamos de contactar con la Comisaria de Policía del lugar donde se desarrollaron los hechos con el objeto de informar al responsable de lo ocurrido con aquellas familias. El Pastor tras informar a las familias afectadas de la posible intervención, nos explicó que las familias no querían que se interviniera por las posibles represalias que pudieran ejercerse sobre ellos. El pastor nos dijo que estas familias consideraron lo ocurrido como un malentendido por parte de la policía hacia ellos y que esperaban que no vuelva a ocurrir.",,,2014-01-01T00:00:00+01:00,2014-01-01T00:00:00+01:00,Almería,Servicios policiales,Discriminación directa,
"Una mujer gitana que trabajaba en un mercadillo vendiendo ropa, nos expuso una situación en la que se sintió desprotegida y discriminada, en este caso por dos agentes de policía local. La mujer gitana, muy indignada nos comentó que denunció a la policía la desaparición del interior de su coche de cuatro cajas de ropa interior, ropa que era para vender ese día en el mercadillo. Cuando la policía local llegó, sin hacer ninguna investigación, le dijeron a la mujer que probablemente el robo de sus cajas lo habría llevado a cabo alguna persona gitana cercana. La mujer nos trasladó que se sintió muy mal y que les contestó a los agentes, “que también podía haber sido una persona no gitana”. Las cajas no aparecieron y que ese día se quedó sin trabajar. Igualmente, nos dijo con una actitud muy resignada, que no consideraba que los prejuicios hacía las personas gitanas de la policía local fueran a cambiar.",,,2014-01-01T00:00:00+01:00,2014-01-01T00:00:00+01:00,Jaén,Servicios policiales,Discriminación indirecta,
"Una mujer gitana nos informó de que se encontraba en trámites de separación matrimonial y que temía perder la guardia y custodia de su hija porque en la demanda el padre de la menor puso que “vivir y educarse en una familia gitana podría tener consecuencias negativas para su hija”. La joven, que esperaba un juicio por la custodia de su hija, nos explicó que se sentía mal ya que temía que estos comentarios relacionados con su familia de etnia gitana pudieran incidir en la decisión del juez sobre la custodia de su hija, debido a la mala imagen que se tiene hoy de los gitanos y las gitanas.",,,2014-01-01T00:00:00+01:00,2014-01-01T00:00:00+01:00,Granada,Otros,Discriminación directa,
"El FSG Valencia remitió al Departamento varios documentos jurídicos, entre ellos una propuesta de demanda en contra del Ayuntamiento de Valencia de dos hombres de etnia gitana que afirmaban sentirse discriminados por el juez que les llevaba la causa en el proceso judicial del que formaban parte. Desde el Departamento y en coordinación de la FSG Valencia se solicitó a los afectados más información, así como los documentos oportunos para poder hacer el seguimiento correspondiente, ya que era necesario constatar la existencia de la discriminación. Desde el Departamento se examinaron los documentos remitidos y tras contactar con el responsable que había tenido relación directa con los afectados, nos informó que la causa estaba pendiente en los juzgados, ya que denunciaban ser objeto de numerosas irregularidades en los distintos procesos de los que eran parte Y por ello se sentían discriminados, consideraban que sus derechos no eran atendidos como corresponde, y ello por su pertenencia a la etnia gitana. No obstante, teniendo en cuenta que requería asistencia letrada en tribunales, se derivó el caso con toda la documentación correspondiente a la entidad Movimiento contra la Intolerancia.",,,2014-01-01T00:00:00+01:00,2014-01-01T00:00:00+01:00,Valencia,Otros,Discriminación directa,
"Una familia gitana de A Coruña acudió al dispositivo de la FSG para informar de que desde hace tiempo estaban siendo acosados por algunos vecinos y vecinas de su comunidad. El padre relató que se encontraron con un cartel en su puerta en el que les pedían que se fueran del edificio (ver foto). El padre informó que casi toda la comunidad de vecinos está en contra de ellos por ser de etnia gitana. Lamentó lo que estaba pasando con ellos y nos comentó que si la comunidad no desistía de sus comentarios y actitudes violentas hacia ellos, iban a tener que abandonar su vivienda y trasladarse a otro sitio. En el Departamento les informamos de la posibilidad de denunciar esta situación ante el presidente de la comunidad de vecinos para que estuviera informado de todo lo ocurrido y pudiera tomar las medidas oportunas al efecto de reestablecer la buena convivencia entre los vecinos. Igualmente les indicamos que era importante denunciar estos hechos a la policía local para que estuvieran informados. La familia nos trasladó que no quería problemas con nadie y que si se tenían que ir que se irían.",,,2014-01-01T00:00:00+01:00,2014-01-01T00:00:00+01:00,A Coruña,Vivienda,Discriminación directa,
"La responsable del equipo de vivienda de una entidad social se personó tras la llamada de alerta de una familia gitana, en una vivienda del programa de Intervención Social con la Comunidad Gitana de A Coruña, vivienda de la que fue beneficiaria esta familia gitana. Al llegar, la responsable se encontró con unas pintadas racistas y amenazantes en una pared y en la puerta de la casa de la familia gitana y con restos de comida justo en la puerta de su casa. (Ver fotos) La técnico de la FSG se acercó al edificio para comprobar de primera mano lo que ésta familia le había contado y apoyarla en todo lo que necesitasen. La familia, asesorada por el departamento y la FSG en A Coruña, llamó a la Policía Local para hacer constar todo lo sucedido (comentarios racistas y amenazas). La familia puso denuncia ante la comisaría de policía, además por miedo, denuncia el mismo día en el cuartel de la Guardia civil de Arteixo. Posteriormente, la técnica de la FSG contactó con la gestoría que llevaba los trámites de la comunidad de vecinos para tratar de organizar una reunión con todos los vecinos y vecinas para explicarles la situación de la familia y tratar de solventar esa situación. La familia nos comentó que tenían miedo a que les pudieran agredir y a que la policía no llegara a tiempo. Nos trasladaron igualmente que no creían que la policía pudiera solucionar aquella situación y que posiblemente tendrían que cambiar de vivienda para evitar males mayores. Desgraciadamente todavía muchas familias gitanas se ven avocadas a abandonar sus viviendas por problemas con comunidades de vecinos que no quieren a personas gitanas en sus edificios.",,,2014-01-01T00:00:00+01:00,2014-01-01T00:00:00+01:00,A Coruña,Vivienda,Discriminación directa,
"Una joven gitana se acercó a la FSG en Mérida para informar de una situación discriminatoria de la que se había sentido víctima por ser de etnia gitana. La joven nos relató lo siguiente: 
“La inmobiliaria, donde fui a preguntar por un posible alquiler de una vivienda, le dijo a la propietaria que su cliente, es decir, yo, aportaba toda lo documentación requerida (nómina y contrato de trabajo), cuando pregunto cómo me llamaba y de donde era, la propietaria puso como excusa que ya lo tenía “apalabrado” con otra persona y por eso no se lo podía alquilar”.
 En este caso, este hecho discriminatorio pudo ser contrastado con el agente inmobiliario que atendió a la joven, quien nos confirmó que la propietaria no tenía apalabrada la vivienda, sino que simplemente le puso esa excusa porque no quería alquilar su vivienda a personas gitanas.",,,2014-01-01T00:00:00+01:00,2014-01-01T00:00:00+01:00,Badajoz,Vivienda,Discriminación directa,
"Nos llegó al departamento una información relacionada con un desalojo producido en un barrio de Sabadell, de unas viviendas habían sido ocupadas por varias familias gitanas. Tras consultar la documentación relaciona con el incidente, comprobamos que el desalojo se había producido principalmente porque las viviendas habían sido ocupadas por personas gitanas. Las personas afectadas por dicho desalojo nos trasladaron que el desalojo se produjo sin tener en cuenta la situación especial de los menores y las personas mayores enfermas que estaban con esas familias. Además nos informaron que las autoridades actuaron contra ellos con violencia. Las familias afectadas no quisieron llevar a cabo ninguna actuación sólo querían que constase el trato discriminatorio que habían recibido por parte de los servicios policiales, ya que su preocupación mayor era encontrar un sitio digno para vivir con sus familiares.",,,2014-01-01T00:00:00+01:00,2014-01-01T00:00:00+01:00,Barcelona,Vivienda,Discriminación directa,
"Varias familias gitanas, asesoradas por la FSG en Salamanca, se incorporaron a un proceso de solicitud de viviendas de alquiler solidario que ofertaba una entidad bancaria de la zona donde vivían. Después de haber gestionado parte del proceso de solicitud (entrega de documentación, etc.), las familias, nos trasladaron que en todo del proceso se habían sentido engañados y desprotegidos, ya que habiendo realizado todos los trámites tal y como establecía la solicitud, siguiendo para ello las bases de las mismas, la entidad promotora les había excluido de la adjudicación de las viviendas, no pasando así con otras familias no gitanas. Desde el departamento solicitamos más información al respecto, y nos informaron desde el territorio que la promotora excluyó a estas familias gitanas por una mala experiencia que tuvieron con otras familias gitanas en otra adjudicación de viviendas y que no querían tener los mismos problemas de convivencia. A pesar de eso, nos llegó una información interna de vecinos del pueblo que nos alertaron y nos confirmaron de que, efectivamente había habido bastantes quejas en el pueblo por la llegada de familillas gitanas y que no querían a ninguna más. Por este motivo y para aclarar dicha situación, acudimos a hablar con el Alcalde junto con algunos de los afectados. Lejos de esconder la realidad el Alcalde nos confirma que efectivamente le habían llegado quejas de algunos vecinos y que alguno amenazó incluso con sacar a sus hijos del colegio. Intentamos aclarar con el Alcalde que esas personas tenían que responder a título individual y que no se podía generalizar a las familias gitanas del pueblo en general y que él no podía asumir los motivos racistas de los vecinos, sino todo lo contrario.",,,2014-01-01T00:00:00+01:00,2014-01-01T00:00:00+01:00,Salamanca,Vivienda,Discriminación directa,
