hechos,intervencion,resultado,fecha_hechos,fecha_denuncia,provincia,ambito,tipo_desciminacion,reference,link
"Una joven que buscaba empleo vio un cartel en un bar que buscaban personal y entró a hablar con el responsable, le expuso su interés en la oferta y dejó su curriculum. El responsable revisó su curriculum y, al ver que cumplía el perfil, le dijo que el día siguiente le llevara toda la documentación para comenzar ya a trabajar. La joven tramitó toda la documentación que le había solicitado (fotocopia de DNI, cartilla de seguridad social y número de cuenta bancaria) y se la entregó el día siguiente, tal y como habían quedado. El responsable, que reconoció los apellidos asociados a las personas gitanas, le dijo: “lo siento, aquí no quiero personas gitanas trabajando”. La joven afectada acudió a la FSG a contar lo que le había pasado.","La técnica de igualdad entrevistó a la joven que corroboró los hechos y además contactó con un testigo que confirmó lo sucedido. Se informó a la joven de sus derechos y se le propuso algunas posibilidades. Desde la FSG se llamó al responsable del local, que no reconoció los hechos. Se informó a la joven y se planteó llevar a cabo otra actuación.",La joven no quiso seguir adelante con la estrategia de actuación.,2018-01-01T00:00:00+01:00,2018-01-01T00:00:00+01:00,Murcia,Empleo,Discriminación directa,,https://informesdiscriminacion.gitanos.org/casos/los-alc%C3%A1zares-murcia-empleo-discriminaci%C3%B3n-directa
"Una mujer fue a una entrevista de trabajo para un puesto vacante en una panadería; el encargado de tienda y responsable de la entrevista le dijo en numerosas ocasiones que la joven tenía el perfil adecuado para el puesto. Sin embargo, antes de finalizar con la entrevista, el encargado le dijo: “una última cosa, ¿tú, eres gitana?”, a lo que la joven respondió un poco desubicada, ¿por qué? y el encargado le dijo: “no, por nada, es que tengo muchos amigos y amigas flamencos”. Finalizó diciéndole que le llamarían para darle una respuesta. La joven salió del establecimiento con una sensación extraña, no encontró sentido a la última pregunta y no le gustó nada que se la hiciera. Se lo comentó también a su madre que le estaba esperando fuera: “mamá, mira lo que me ha preguntado el encargado, que si soy gitana, no lo entiendo, con lo bien que ha ido la entrevista”.",Se asesoró a la joven por si le volvía a pasar cómo podía actuar y cuáles eran sus derechos.,En este caso fue imposible llevar a cabo una actuación porque los hechos se habían producido hacía un mes. La joven quiso que recogiéramos el caso.,2018-01-01T00:00:00+01:00,2018-01-01T00:00:00+01:00,Cádiz,Empleo,Discriminación directa,,https://informesdiscriminacion.gitanos.org/casos/jerez-de-la-frontera-empleo-discriminaci%C3%B3n-directa-0
"Una joven gitana fue candidata para un puesto de trabajo en una cafetería, donde había hecho prácticas laborales. Después de ir a la empresa mediadora y de hacer la entrevista varias veces con la empresa, le dijeron que la iban a contratar. Tras un tiempo sin que la llamaran para empezar, la prospectora de la FSG se puso en contacto con la empresa mediadora, a la que le dijeron que no querían contratar a una chica gitana.",Hablamos con la empresa mediadora para ver lo ocurrido y con la empresa que iba a contratar a nuestra participante. La empresa negó los hechos. Finalmente no contrataron a la joven.,: Negativo. No fue posible demostrar con pruebas la discriminación.,2018-01-01T00:00:00+01:00,2018-01-01T00:00:00+01:00,Córdoba,Empleo,Discriminación directa,,https://informesdiscriminacion.gitanos.org/casos/c%C3%B3rdoba-empleo-discriminaci%C3%B3n-directa-2
"Una mujer gitana, que colabora con dos grupos musicales en algunas actuaciones, iba a tocar en un establecimiento en Huelva. Al intentar entrar para preparar su actuación, las personas de seguridad no la dejaron entrar, ni a ella, ni a una amiga que iba con ella, también gitana. Las chicas decidieron esperar al resto del grupo, un poco más apartadas del lugar y una vez llegaron se dirigieron todos hacia la persona de seguridad. Esta comentó a su compañero que “no pueden entrar porque son gitanas y más tarde tendrá el local lleno de gitanos”. Este comentario fue oído por un miembro del grupo musical, que intentó mediar en el caso, pero finalmente las chicas no pudieron entrar en el local.","Se les han planteado posibles estrategias de actuación, pero ellas prefirieron no continuar.",Las víctimas decidieron no tomar ninguna iniciativa contra el local.,2018-01-01T00:00:00+01:00,2018-01-01T00:00:00+01:00,Huelva,Empleo,Discriminación directa,,https://informesdiscriminacion.gitanos.org/casos/huelva-empleo-discriminaci%C3%B3n-directa-2
"Una joven gitana comenzó a trabajar en limpieza de hospitales en el mismo sitio donde había hecho sus prácticas, donde ya había notado actitudes discriminatorias contra los gitanos. Un día las compañeras de trabajo hicieron comentarios del tipo: ‘’mira cómo han dejado la habitación tus primos’’, lo que hizo que ella se sintiera mal.","La FSG se reunió con la víctima, la prospectora laboral, y la jefa de personal de limpieza del hospital para contarle lo ocurrido. La actitud de la jefa de personal fue proactiva en todo momento, estaba interesada en que la FSG diera en los próximos cursos un taller de sensibilización sobre la discriminación antigitana.",Positivo. El hospital ha colaborado activamente y ha incluido esta sensibilización en futuros cursos formativos.,2018-01-01T00:00:00+01:00,2018-01-01T00:00:00+01:00,Córdoba,Empleo,Discriminación directa,,https://informesdiscriminacion.gitanos.org/casos/c%C3%B3rdoba-empleo-discriminaci%C3%B3n-directa-1
"Tras ver una oferta de trabajo en una frutería publicada en Mil Anuncios, un joven contactó con la dueña de la misma. Esta le preguntó en qué barrio de Valladolid tenía su residencia. Cuando la dueña se enteró de la zona de residencia, que es un barrio donde reside una parte de la comunidad gitana, la dueña le preguntó si era gitano. Cuando él afirmó que sí, la dueña le dijo que entonces no quería contratarlo.","Contactamos por teléfono con la dueña de la frutería haciéndonos pasar por un participante. Logramos tener una entrevista de trabajo y a ella acudió un participante de etnia gitana y la técnica de igualdad haciéndose pasar por su pareja. Cuando llegamos a la frutería a hacer la entrevista, la dueña nos preguntó si éramos españoles; cuando dijimos que éramos gitanos, nos dijo que no tenía problemas ni quería malos entendidos. Primero nos dijo que no quería inmigrantes y luego al preguntarle que si tenía problemas con inmigrantes y gitanos, se excusó diciendo que era por si no sabían el idioma. Finalmente no llamó para decirnos si le interesaba contratar al participante gitano.",La estrategia no ha sido efectiva por que la dueña de la frutería a pesar de haber dejado claro que no quiere trabajadores inmigrantes ni gitanos supo argumentar evitando discriminar directamente a las víctimas.,2018-01-01T00:00:00+01:00,2018-01-01T00:00:00+01:00,Valladolid,Empleo,Discriminación directa,,https://informesdiscriminacion.gitanos.org/casos/valladolid-empleo-discriminaci%C3%B3n-directa-0
"Un joven de etnia gitana se dirigió junto con su compañera de trabajo no gitana a hablar con la dueña de un bar para llevar a cabo una actuación flamenca. La dueña respondió que estaba dispuesta a contratar a la mujer no gitana, pero se negaba a contratar a personas gitanas alegando que no quería a gitanos en su bar por un conflicto que tuvo lugar en su bar con personas de etnia gitana.",Entrevistamos al joven y la asesoramos sobre posibles actuaciones. Él tenía como medios de prueba una testigo que a su vez es su compañera de actuaciones flamencas y conversaciones por whatsapp donde se reflejaba la negativa por parte de la dueña a contratar a personas de etnia gitana para actuaciones flamencas en su bar.,El joven decidió no iniciar acciones por miedo a represalias.,2018-01-01T00:00:00+01:00,2018-01-01T00:00:00+01:00,Valladolid,Empleo,Discriminación directa,,https://informesdiscriminacion.gitanos.org/casos/valladolid-empleo-discriminaci%C3%B3n-directa
"Una participante del programa Acceder, no gitana, comenzó a trabajar en un bar y se enteró de que necesitaban incorporar nuevos camareros, por lo que comunicó la oferta de empleo a la FSG. Enviamos al local a un grupo de chicos y chicas que habían realizado la formación en hostelería. Cuando terminaron las entrevistas el dueño le dijo a nuestra participante que “no le enviara más moros ni gitanos” porque no los iba a contratar.",No hubo estrategia de actuación ya que la persona que denunció el caso trabajaba allí y no deseaba que hiciéramos ninguna acción pero sí que la recogiéramos en nuestro informe.,Sin intervención.,2018-01-01T00:00:00+01:00,2018-01-01T00:00:00+01:00,Córdoba,Empleo,Discriminación directa,,https://informesdiscriminacion.gitanos.org/casos/c%C3%B3rdoba-empleo-discriminaci%C3%B3n-directa-0
"Un comercio de Zamora llevaba tiempo colaborando con la FSG y se le propuso un grupo de alumnos/ as para realizar prácticas laborales en su local. La prospectora mantuvo una reunión y en principio se acordó firmar un convenio de colaboración entre ambas. Tras un primer acuerdo con la dueña de la tienda recibimos una llamada diciéndonos que ya no quería firmar el convenio y que renunciaba al alumnado en prácticas diciendo que eran gitanos y que en su tienda su ropa no tenía alarmas, que su clientela era muy selecta y que no deseaba tener estos perfiles en su local.",Desde la FSG en Zamora se solicitó una reunión con la dueña con la finalidad de hacerle ver que tenía prejuicios y estereotipos hacia el alumnado gitano. La dueña aceptó la reunión y se mantuvo la reunión que se llevó a cabo junto con la mediadora intercultural de la entidad.,"Negativo. Después de la reunión que mantuvimos volvimos a mantener en repetidas ocasiones contacto con la dueña pero sin éxito. En todo momento, se negó a contratar en prácticas a alumnado gitano.",2018-01-01T00:00:00+01:00,2018-01-01T00:00:00+01:00,Zamora,Empleo,Discriminación directa,,https://informesdiscriminacion.gitanos.org/casos/zamora-empleo-discriminaci%C3%B3n-directa-0
"Un comercio conocido en Zamora mantuvo una reunión con nuestro prospector del Programa de Empleo ACCEDER para ver la posibilidad de contratar a un grupo de alumnos/as en prácticas, a lo que en principio accedieron. Al cabo de unos días, la gerente declinó la solicitud al considerar que los jóvenes gitanos/as podían dar mala imagen al comercio.",Desde la FSG nos pusimos en contacto con la gerente para sensibilizarla y contarle los objetivos del Programa ACCEDER.,La gerente no se negó pero dijo que lo valoraría más adelante.,2018-01-01T00:00:00+01:00,2018-01-01T00:00:00+01:00,Zamora,Empleo,Discriminación directa,,https://informesdiscriminacion.gitanos.org/casos/zamora-empleo-discriminaci%C3%B3n-directa
Una joven gitana nos contó que tenía un contrato temporal prorrogable en la perfumería en la que trabajaba desde hacía varios meses y cuando preguntó al responsable sobre su prorroga éste le contestó que no le prorrogaría el contrato. La joven pensaba que esta decisión estaba motivada por su etnia.,"Se envió una carta a la empresa promotora solicitándoles más información sobre la situación laboral de la joven, y en caso de apreciar alguna incidencia en la denegación de la prórroga, tomasen acciones al respecto.","Pasado un tiempo, la empresa contestó reconociendo el derecho a una indemnización económica a la joven pero no reconoció que la denegación de la prórroga del contrato de la joven como dependienta de la perfumería fuera porque constataron que era gitana.",2018-01-01T00:00:00+01:00,2018-01-01T00:00:00+01:00,Alicante,Empleo,Discriminación directa,,https://informesdiscriminacion.gitanos.org/casos/alicante-empleo-discriminaci%C3%B3n-directa
"Una profesora del curso de ayudante de camarero llamó a la dueña de un bar para decirle que le iba a enviar a un joven gitano para que pudiera entrevistarle. La dueña se mostró reticente y le trasladó que no quería contratar a gitanos ya que había tenido anteriormente una mala experiencia en su bar. La profesora convenció a la dueña para que les hiciese la entrevista al joven, y al joven para que fuese a la entrevista. Al llegar el chico, la dueña le entrevistó, a pesar de sus reticencias, al ver que la entrevista fue buena le dijo al joven que se pasara al día siguiente para hacerle una prueba. El joven acudió a la prueba. La dueña sólo lo tuvo tres horas en el local, durante las cuales estuvo en todo momento vigilado, mientras que al resto de jóvenes no se les trataba de esta manera. Al final de la jornada le dijo que no volviera porque, según la dueña no tenía habilidades. El joven se fue apenado y sintió que la dueña no le dio oportunidad de demostrar sus habilidades en el bar como camarero, una profesión para la que estaba suficientemente cualificado.",El joven fue informado de sus derechos.,El joven prefirió no denunciar por miedo a que eso pudiese afectarle en otras entrevistas.,2018-01-01T00:00:00+01:00,2018-01-01T00:00:00+01:00,León,Empleo,Discriminación directa,,https://informesdiscriminacion.gitanos.org/casos/le%C3%B3n-empleo-discriminaci%C3%B3n-directa
"La FSG en Pontevedra solicitó a tres hoteles distintos de la zona realizar prácticas no laborables. En todos los casos, en el momento en que se enteraron de que eran jóvenes gitanos/as, se renunció a cualquier posibilidad de colaboración.",Desde la FSG en Pontevedra se insistió en mantener una reunión para explicarle mejor el programa de Empleo de la FSG.,Negativo. Las empresas no aceptaron ningún tipo de acercamiento.,2018-01-01T00:00:00+01:00,2018-01-01T00:00:00+01:00,Pontevedra,Empleo,Discriminación directa,,https://informesdiscriminacion.gitanos.org/casos/pontevedra-empleo-discriminaci%C3%B3n-directa
"Una joven gitana trabajaba desde hacía semanas en un restaurante. Una mañana en mitad de un servicio se le cayó una bandeja y se hizo daño en un hombro, después de lo cual el Hospital le emitió un parte de lesiones. Inmediatamente después, la joven se dirigió al dueño para informarle de lo sucedido y le pidió los datos de la aseguradora para informar de su accidente laboral. El dueño se negó a ofrecerle información alguna ya que decía que estaba en periodo de prueba y no tenía derecho a ello. Seguidamente, le dijo que estaba despedida. Durante la conversación, el propietario del restaurante le dijo que ya sabía cómo eran todos, a lo que la chica le preguntó: “¿quiénes?”, y el respondió que ya sabía ella lo que quiso decir, que “todas las gitanas eran iguales”. La joven inmediatamente fue con la documentación que le dieron en el restaurante a pedir información y a que le asesoraran a un sindicato del sector servicios de restauración que conocía. En el sindicato le dijeron que todo estaba correcto.",Desde el Departamento de Igualdad se le facilitó información sobre la Inspección de trabajo y la posible denuncia de la empresa por el trato discriminatorio recibido.,"La joven, finalmente decidió no informar de lo ocurrido ni quiso llevar a cabo ninguna otra acción. Nos trasladó que no quería seguir trabajando en un lugar donde no la tratarían bien y donde ser gitana parecía ser un problema. La joven cobró el finiquito y no volvió al lugar.",2018-01-01T00:00:00+01:00,2018-01-01T00:00:00+01:00,Salamanca,Empleo,Discriminación directa,,https://informesdiscriminacion.gitanos.org/casos/salamanca-empleo-discriminaci%C3%B3n-directa
"Un joven gitano que trabajaba en un bazar contó que los jefes le habían advertido que cuando entraban personas gitanas, las persiguiera, que robaban mucho. Los jefes no sabían que el joven era de etnia gitana.",Se asesoró al joven y se le informó de sus derechos.,No quiso llevar a cabo ninguna actuación por miedo a perder su trabajo.,2018-01-01T00:00:00+01:00,2018-01-01T00:00:00+01:00,Almería,Empleo,Discriminación directa,,https://informesdiscriminacion.gitanos.org/casos/almer%C3%ADa-empleo-discriminaci%C3%B3n-directa
"Un participante de los programas de empleo de la FSG le contó al orientador laboral su situación de desigualdad en el empleo. Era el único que realizaba horas extras y no se las pagaban, tenía un sueldo menor que otros en la misma categoría o incluso menos sueldo que categorías inferiores. El chico le trasladó a su jefe esto y éste le dijo: “si no te gusta ahí tienes la puerta”. El chico era el único trabajador de etnia gitana en la empresa y sentía que el trato con él era desigual al de todos sus compañeros, que no eran de etnia gitana.","Desde la FSG se le informó y asesoró, y se le dio argumentos para hablar con su jefe y tratar de que la situación mejorara.","A pesar de que la situación no cambió del todo, mejoró algo porqué el joven conoció sus derechos y obtuvo los argumentos para defenderlos.",2018-01-01T00:00:00+01:00,2018-01-01T00:00:00+01:00,Málaga,Empleo,Discriminación directa,,https://informesdiscriminacion.gitanos.org/casos/m%C3%A1laga-empleo-discriminaci%C3%B3n-directa
"Una mujer contactó con la FSG para contar una situación que estaban viviendo en el trabajo como camareras de piso en un hotel, ella y otras compañeras, todas de etnia gitana. Les asignaron las peores y más difíciles tareas, obligándoles a salir siempre más tarde que a las demás. La mujer contó además que estaban sufriendo comentarios vejatorios con carácter racista por su jefe, algunos como: “Estos cables lo arregláis bien porque esto parece la casa de unos gitanos”; “siempre sois las mismas porculeras las gitanas” ;”sois unas... flojas”, “a ver si nos aseamos más que dejáis el olor incrustado”. Tras este incidente, una de las mujeres sufrió un ataque de ansiedad. Ellas están convencidas que esta situación de acoso discriminatorio tiene que ver con una Sentencia judicial favorable que reconocía sus derechos laborales y ahora estaban sufriendo las represalias.","La técnica de la FSG entrevistó a las cinco mujeres que estaban sufriendo la discriminación. Desde la FSG se comprobó la sentencia favorable, y la versión sólida de las cinco mujeres. Asimismo, se contactó con una de las encargadas de la empresa y con el director, tratando de sensibilizar a los responsables del hotel.",Las jóvenes contrataron un abogado para demandar de nuevo a la empresa. Desde la FSG se facilitó argumentación en materia de discriminación al abogado de las víctimas y se hizo seguimiento de la situación; el proceso sigue abierto.,2018-01-01T00:00:00+01:00,2018-01-01T00:00:00+01:00,Málaga,Empleo,Acoso discriminatorio,,https://informesdiscriminacion.gitanos.org/casos/m%C3%A1laga-empleo-acoso-discriminatorio
"Una mujer de etnia gitana empezó a trabajar en la charcutería de un supermercado y desde que empezó a trabajar, tres compañeras le estuvieron dificultando el trabajo, le dejaban tareas que no le correspondían, la trataban mal delante de los clientes y hacían comentarios antigitanos, como eran: “las gitanas son unas mangantas; luego dicen, el otro día fui al mercadillo y a una pobre mujer le robaron el bolso, fue una gitana seguro…”, “es que son muy chulas ellas, y ellos unos machistas”, “van sembrando el miedo”, etc. La joven trasladó esta situación a su encargada y a la directora de tienda, quienes no le dieron mucha importancia y le dijeron que tuviera paciencia. Tres meses después la joven tuvo una baja laboral por ansiedad y depresión.","Desde la FSG se contactó con la empresa para solicitar una reunión. Se mantuvo una reunión con la responsable de recursos humanos, la directora de tienda con la joven y la técnica de la FSG.","Positivo. En la reunión se acordó cambiar a la joven de centro de trabajo y tomar medidas con las trabajadoras causantes de la situación y de los comentarios antigitanos. Además, se acordó llevar a cabo una sesión de sensibilización en interculturalidad y lucha contra la discriminación para todo el personal del supermercado.",2018-01-01T00:00:00+01:00,2018-01-01T00:00:00+01:00,Barcelona,Empleo,Discriminación directa,,https://informesdiscriminacion.gitanos.org/casos/barcelona-empleo-acoso-discriminatorio
"Debido a un seguimiento del programa de empleo Acceder, en una importante tienda de ropa con lo que la FSG tiene convenio y usuarias contratadas, la prospectora de empleo se enteró de que la encargada de un turno de la tienda hizo el siguiente comentario; “En la tienda no quiero trabajando ni a gitanas ni a moras”.","Se planificó una reunión con la empresa, pero finalmente anularon varias veces las citas y no pudo llevarse a cabo.",Negativo.,2018-01-01T00:00:00+01:00,2018-01-01T00:00:00+01:00,Cádiz,Empleo,Discriminación directa,,https://informesdiscriminacion.gitanos.org/casos/jerez-de-la-frontera-empleo-discriminaci%C3%B3n-directa
"Un joven contactó con FSG Málaga para comentar una situación que le ocurría en la nueva empresa en la que ha comenzado a trabajar. Explicó que su jefe solía realizar comentarios desagradables contra las personas gitanas, como: “Enrique te toca la zona de la Paz, en la que viven los gitanos, esa que está toda destrozada y reventada; el día que te separes estaré feliz (su mujer es gitana)”. El joven comentó que este tipo de comentarios eran frecuentes y que se suelen sentir incómodos ya que en la empresa hay numerosos compañeros gitanos.","Hablamos por teléfono con el jefe de la víctima para realizar un seguimiento e intentar recabar información y sensibilizar al jefe sobre la comunidad gitana de forma indirecta. El jefe tenía algunos estereotipos. Le explicamos una visión heterogénea del colectivo, que le resultó de utilidad.",Positivo. La persona valoró la sensibilización y cambió de actitud.,2018-01-01T00:00:00+01:00,2018-01-01T00:00:00+01:00,Málaga,Empleo,Discriminación directa,,https://informesdiscriminacion.gitanos.org/casos/m%C3%A1laga-empleo-discriminaci%C3%B3n-directa-por-asociaci%C3%B3n
"Una usuaria del programa de empleo de la FSG firma un contrato por un año con una empresa de restauración. Durante el período de prueba, los encargados manifiestan en varias ocasiones que están contentos con su trabajo, por lo que va a superar el período de prueba sin problemas. Sin embargo, cuando una compañera de trabajo les informa de que es gitana, recibe una carta de baja de la empresa, alegando no haber superado el período de prueba. La usuaria presenta demanda de acto de conciliación por despido improcedente y discriminatorio ante la Unidad de Mediación, Arbitraje y Conciliación de la Junta de Castilla y León, que se celebra sin avenencia, dando lugar a un juicio pendiente de resolución.",,,2005-01-01T00:00:00+01:00,2005-01-01T00:00:00+01:00,Valladolid,Empleo,Sin especificar,,https://informesdiscriminacion.gitanos.org/casos/valladolid-diciembre-discriminaci%C3%B3n-en-el-empleo
"Una noticia en un periódico de ámbito local trata el caso de un tiroteo sucedido en un poblado chabolista, que acabó con cinco personas heridas por “viejas rencillas entre familias”. En la descripción de los hechos se menciona repetidamente la etnia de los implicados, así como las medidas especiales de vigilancia policial puestas en marcha para evitar nuevos altercados.",,,2005-01-01T00:00:00+01:00,2005-01-01T00:00:00+01:00,Sevilla,Medios de comunicación,Sin especificar,,https://informesdiscriminacion.gitanos.org/casos/sevilla-diciembre-discriminaci%C3%B3n-en-los-medios-de-comunicaci%C3%B3n-0
"Una familia gitana solicita por teléfono un taxi. Cuando el conductor comprueba que son gitanos, antes de permitirles subir al vehículo, les pregunta si tienen dinero suficiente para pagar el servicio y, a pesar de su respuesta afirmativa, les obliga a pagar por adelantado, porque está “cansado de subir a gitanos, siempre me la juegan y se van sin pagar”. Los afectados mantienen una discusión con el taxista, y solicitan la presencia de un agente de la policía local, pero a pesar de ello, se ven forzados a pagar por adelantado y, aunque solicitan el libro de reclamaciones, el conductor se niega a facilitárselo.",,,2005-01-01T00:00:00+01:00,2005-01-01T00:00:00+01:00,Murcia,Acceso a bienes y servicios,Sin especificar,,https://informesdiscriminacion.gitanos.org/casos/murcia-diciembre-discriminaci%C3%B3n-en-los-bienes-y-servicios
"Un periódico de ámbito local publica una noticia con el titular “Juzgada una pareja gitana por amenazar a sus vecinos hasta echarlos de sus casas”. La noticia, además de hacer referencia al origen étnico, hace especial hincapié en las supuestas “amenazas de muerte”, “insultos”, y “torturas psicológicas” que, al parecer, están recibiendo los vecinos del inmueble. La familia denunciada insiste en la falsedad de los hechos descritos.",,,2005-01-01T00:00:00+01:00,2005-01-01T00:00:00+01:00,A Coruña,Medios de comunicación,Sin especificar,,https://informesdiscriminacion.gitanos.org/casos/la-coru%C3%B1a-diciembre-discriminaci%C3%B3n-en-los-medios-de-comunicaci%C3%B3n
"Como consecuencia de un tiroteo provocado por un asunto de drogas en un barrio de Valladolid, un periódico de ámbito local publica una noticia con el titular ”Una familia gitana problemática en la que no funcionó la ley ni las ayudas sociales”. En la noticia se hace referencia a la etnia gitana cuando se habla de los problemas de la marginalidad, la inadaptación y la caída en el mundo de las drogas.",,,2005-01-01T00:00:00+01:00,2005-01-01T00:00:00+01:00,Valladolid,Medios de comunicación,Sin especificar,,https://informesdiscriminacion.gitanos.org/casos/valladolid-diciembre-discriminaci%C3%B3n-en-los-medios-de-comunicaci%C3%B3n-1
"Con motivo del aniversario de la muerte de dos vecinos del barrio en un altercado con varias personas de etnia gitana, que se encuentran en prisión por esos hechos, se distribuyen diversos carteles en un barrio de Madrid convocando a todos los vecinos a una manifestación de marcado contenido anti-gitano. A pesar de que la FSG se dirige por escrito al Delegado del Gobierno de la Comunidad de Madrid y al Jefe de Seguridad de la Delegación informándoles de los hechos, la manifestación, que no está autorizada, se acaba desarrollando, y varios participantes acuden al domicilio de la familia de los implicados, increpando a parientes y vecinos.",,,2005-01-01T00:00:00+01:00,2005-01-01T00:00:00+01:00,Madrid,Otros,Sin especificar,,https://informesdiscriminacion.gitanos.org/casos/madrid-diciembre-actos-racistas
"En la sección “Firma Invitada” de un periódico local, aparece un artículo en el que se afirma que “una gran mayoría de los componentes de esta raza, viven erráticos y sin hogar fijo, repudiados por una sociedad que les repele y en la que no han conseguido integrarse”; “las causas de este desarraigo deben achacarse principalmente a los propios gitanos”; “son repudiados por la mayoría ante el temor que inspiran a su paso por su mentalidad viva y engañosa”. El periódico publica la carta de contestación elaborada por la FSG, tras la cual el autor pide disculpas.",,,2005-01-01T00:00:00+01:00,2005-01-01T00:00:00+01:00,Ciudad Real,Medios de comunicación,Sin especificar,,https://informesdiscriminacion.gitanos.org/casos/ciudad-real-diciembre-discriminaci%C3%B3n-en-los-medios-de-comunicaci%C3%B3n
"La FACCA, una federación de entidades gitanas, encuentra notables resistencias vecinales para construir un centro social polivalente en el Polígono Guadalquivir. A pesar de disponer de un permiso de obras concedido por el Ayuntamiento, y contar con el respaldo de las autoridades, algunos vecinos se agrupan para exigir su traslado a otro lugar, ante el temor de que el centro social conlleve a su vez una concentración masiva de población gitana. La FSG se adhiere al manifiesto encabezado por distintas organizaciones gitanas y de derechos humanos en Andalucía, para que se mantenga la ubicación del centro, que finalmente es trasladado a un polígono industrial, ante las fuertes presiones vecinales.",,,2005-01-01T00:00:00+01:00,2005-01-01T00:00:00+01:00,Córdoba,Vivienda,Sin especificar,,https://informesdiscriminacion.gitanos.org/casos/c%C3%B3rdoba-diciembre-discriminaci%C3%B3n-en-la-vivienda
"Un hombre gitano es expulsado a la fuerza de un bar en el que acaba de entrar junto con a sus compañeros de trabajo, con quienes celebra la cena de navidad de la empresa. Tras el incidente, todo el grupo decide abandonar el establecimiento, pero cuando se disponen a entrar en otro local de la zona, el portero también impide la entrada al trabajador gitano, alegando que “son reglas de la casa”. La víctima presenta una denuncia que es admitida a trámite y, aunque el caso todavía no ha quedado resuelto, ha tenido una enorme repercusión, llegando a ser analizado por el Parlamento Gallego, que estudia tomar medidas al respecto para evitar que se produzcan situaciones similares.",,,2005-01-01T00:00:00+01:00,2005-01-01T00:00:00+01:00,A Coruña,Acceso a bienes y servicios,Sin especificar,,https://informesdiscriminacion.gitanos.org/casos/el-ferrol-la-coru%C3%B1a-diciembre-discriminaci%C3%B3n-en-los-bienes-y-servicios
"Un ciudadano arandino de etnia gitana sufre varias agresiones por quitar un cartel de contenido racista colgado en un bar, en el que se habla de unos incidentes producidos en la localidad en los meses anteriores. El cartel dice textualmente “Se necesita ayuda contra apaleamientos, intimidaciones, amenazas y abusos de algunos individuos de etnia gitana. Próximos juicios, TFNO: 687 522 047 ¿Si has sido apaleado? Llama”. Tras los hechos acaecidos la víctima presentó denuncia que sigue pendiente de resolución.",,,2005-01-01T00:00:00+01:00,2005-01-01T00:00:00+01:00,Burgos,Otros,Sin especificar,,https://informesdiscriminacion.gitanos.org/casos/aranda-de-duero-burgos-diciembre-actos-racistas
"Un periódico de ámbito local publica en la sección de sucesos una noticia relacionada con el rapto de una mujer y su hijo. En la descripción de los hechos se hace constante referencia al origen étnico de los presuntos raptores, que fueron detenidos por la policía.",,,2005-01-01T00:00:00+01:00,2005-01-01T00:00:00+01:00,Málaga,Medios de comunicación,Sin especificar,,https://informesdiscriminacion.gitanos.org/casos/m%C3%A1laga-diciembre-discriminaci%C3%B3n-en-los-medios-de-comunicaci%C3%B3n
"Con el titular “Detienen a dos monchinas menores de edad por robar en una tienda del centro”, un periódico de ámbito local publica una noticia en la que se hacen continuas referencias “al clan de los monchines”, por lo que, a pesar de que no mencione el origen étnico de los implicados, el tratamiento informativo podría constituir una práctica discriminatoria indirecta, ya que en Valladolid es ampliamente conocido que la familia es gitana.",,,2005-01-01T00:00:00+01:00,2005-01-01T00:00:00+01:00,Valladolid,Medios de comunicación,Sin especificar,,https://informesdiscriminacion.gitanos.org/casos/valladolid-diciembre-discriminaci%C3%B3n-en-los-medios-de-comunicaci%C3%B3n-0
"Un periódico de ámbito nacional publica una noticia relacionada con el funeral y entierro de dos hermanos gitanos fallecidos en Murcia, tras ser arrollados por un tren. En la descripción de los hechos se informa minuciosamente sobre aspectos irrelevantes para la noticia, haciendo hincapié en que tanto el padre como el tío “acudieron al funeral esposados porque procedían de la prisión de Zaragoza donde cumplían condena”. La foto publicada en este medio es especialmente denigrante.",,,2005-01-01T00:00:00+01:00,2005-01-01T00:00:00+01:00,Madrid,Medios de comunicación,Sin especificar,,https://informesdiscriminacion.gitanos.org/casos/madrid-diciembre-discriminaci%C3%B3n-en-los-medios-de-comunicaci%C3%B3n
"En su Informe Especial sobre el Chabolismo, el Defensor del Pueblo Andaluz, en referencia al Plan Integral de Erradicación del Chabolismo en Andalucía aprobado en 1997, critica que en algunos casos se optara por la excesiva concentración de las familias en una determinada localización, dando lugar a la formación de guetos; o que se las pagase una suma de dinero, por más que existiera una promesa de dedicarlo a la adquisición de vivienda, a cambio de que se marcharan.",,,2005-01-01T00:00:00+01:00,2005-01-01T00:00:00+01:00,Sevilla,Vivienda,Sin especificar,,https://informesdiscriminacion.gitanos.org/casos/sevilla-diciembre-discriminaci%C3%B3n-en-la-vivienda
"Una menor utiliza expresiones como “esa es una gitana, es una sucia, es lo peor, etc…” para insultar y descalificar a una compañera de clase, en presencia de otra compañera. La FSG organiza una reunión con el tutor de las alumnas y el jefe de estudios, en la que se decide penalizar a la menor.",,,2005-01-01T00:00:00+01:00,2005-01-01T00:00:00+01:00,Asturias,Educación,Sin especificar,,https://informesdiscriminacion.gitanos.org/casos/avil%C3%A9s-asturias-diciembre-discriminaci%C3%B3n-en-la-educaci%C3%B3n
"Un periódico local publica una noticia con el titular “Atribuyen a un violento grupo de etnia gitana el asesinato del policía portugués”. En la descripción de los hechos se hace mención, en varias ocasiones, al origen étnico y se insiste en la “certeza” que tiene la policía portuguesa de que la banda de delincuentes está integrada por un “grupo de personas de etnia gitana” que tiene su base en Sevilla.",,,2005-01-01T00:00:00+01:00,2005-01-01T00:00:00+01:00,Sevilla,Medios de comunicación,Sin especificar,,https://informesdiscriminacion.gitanos.org/casos/sevilla-diciembre-discriminaci%C3%B3n-en-los-medios-de-comunicaci%C3%B3n
"Con el titular “Victimismo gitano y demagogia política” un periódico de ámbito local publica en la sección de opinión un artículo en el que se transmite una imagen negativa, imprecisa y despectiva sobre la comunidad gitana. Al autor de dicho artículo, el hecho de que se mencione a la cultura gitana en los libros de texto le parece “capcioso” y “muy en línea con el discurso-hoy de moda-de presentar a los gitanos como una etnia oprimida”. La FSG escribe un artículo de réplica que es publicado por el periódico.",,,2005-01-01T00:00:00+01:00,2005-01-01T00:00:00+01:00,Valladolid,Medios de comunicación,Sin especificar,,https://informesdiscriminacion.gitanos.org/casos/valladolid-diciembre-discriminaci%C3%B3n-en-los-medios-de-comunicaci%C3%B3n
"Un hombre gitano se interesa por un anuncio de alquiler de piso y contacta con su propietaria, quien tras conocer su origen étnico, le comunica que no le va a alquilar el piso porque no quiere gitanos, y es ella la que decide. La víctima acude al Ayuntamiento y solicita una entrevista con la Alcaldesa pero nunca es recibida.",,,2005-01-01T00:00:00+01:00,2005-01-01T00:00:00+01:00,Asturias,Vivienda,Sin especificar,,https://informesdiscriminacion.gitanos.org/casos/llanes-asturias-diciembre-discriminaci%C3%B3n-en-la-vivienda
"En el año 1998, el Ayuntamiento de El Ejido levantó un muro, supuestamente como medida de seguridad provisional en la zona, en un barrio donde vivían muchas familias gitanas. Éstas quedaron prácticamente aisladas, puesto que el barrio quedó desprovisto de transporte público y otros servicios comerciales, al sólo disponer de dos salidas hacia una carretera comarcal, lo que, incluso, obligaba a los niños a cruzarla diariamente para acudir al colegio. Siete años después, la situación persiste, por lo que la FSG escribe una carta al Alcalde de la localidad y a la Junta de Andalucía, sin que, por el momento, se hayan pronunciado al respecto.",,,2005-01-01T00:00:00+01:00,2005-01-01T00:00:00+01:00,Almería,Vivienda,Sin especificar,,https://informesdiscriminacion.gitanos.org/casos/el-ejido-almer%C3%ADa-diciembre-discriminaci%C3%B3n-en-la-vivienda
"La FSG organiza una visita guiada a una empresa a la que asisten un grupo de once mujeres. Una de ellas acude con su hijo, pero cuando le informan de que no puede realizar la visita con él, y a pesar de que no realiza ningún tipo de objeción al respecto, el guía le comenta a su compañero: “esto no sucede con ningún otro colectivo, encima si les dices algo se creen que los están discriminando…” Durante la visita, los trabajadores de la FSG escuchan otros comentarios como “en verano en esta fábrica se coge gente para trabajar, pero seguro que estas no quieren …”, que motivan una queja ante sus superiores.",,,2005-01-01T00:00:00+01:00,2005-01-01T00:00:00+01:00,Burgos,Empleo,Sin especificar,,https://informesdiscriminacion.gitanos.org/casos/burgos-noviembre-discriminaci%C3%B3n-en-el-empleo
"Un periódico local publica una noticia en la que se hace referencia a la pertenencia étnica de los familiares de un menor que provocaron lesiones a cuatro agentes de la policía cuando intentaron arrestarle. La noticia informa también, de una manera detallada, de todos los delitos en los que este chico gitano ha estado implicado.",,,2005-01-01T00:00:00+01:00,2005-01-01T00:00:00+01:00,Baleares,Medios de comunicación,Sin especificar,,https://informesdiscriminacion.gitanos.org/casos/palma-de-mallorca-noviembre-discriminaci%C3%B3n-en-los-medios-de-comunicaci%C3%B3n
"La FSG adquiere en propiedad un local para instalar su sede en Alicante, pero se encuentra con la resistencia de la comunidad de vecinos, que se muestra contraria a la apertura del centro y obstaculiza sus obras de acondicionamiento. Diversas asociaciones de vecinos y comerciantes se movilizan también pidiendo firmas en contra de la instalación del local, por el incremento de los problemas de inseguridad ciudadana y de la delincuencia que, supuestamente, van a generarse. La FSG, apoyada por las autoridades municipales, mantiene diversas reuniones informativas con propietarios y vecinos, pero el rechazo persiste en un sector del barrio que continúa la recogida de firmas.",,,2005-01-01T00:00:00+01:00,2005-01-01T00:00:00+01:00,Alicante,Vivienda,Sin especificar,,https://informesdiscriminacion.gitanos.org/casos/alicante-noviembre-discriminaci%C3%B3n-en-la-vivienda
"Un periódico de ámbito nacional publica en la sección de Cataluña una noticia con el titular “Piden 20 años para la acusada de matar a un hombre de etnia gitana”, en la que se especifica el origen étnico de las dos familias que “se enzarzaron a palos en la calle”. Se hace referencia también a que “la acusada no es de etnia gitana”.",,,2005-01-01T00:00:00+01:00,2005-01-01T00:00:00+01:00,Barcelona,Medios de comunicación,Sin especificar,,https://informesdiscriminacion.gitanos.org/casos/barcelona-noviembre-discriminaci%C3%B3n-en-los-medios-de-comunicaci%C3%B3n
"La FSG celebra un encuentro con jóvenes gitanos en el salón de actos del Centro Local de Empleo de Murcia. Mientras los asistentes escuchan una ponencia, una persona que ha reservado esa misma sala para el día siguiente, se acerca a los trabajadores de la FSG para pedirles que todo quede en buenas condiciones porque “como son gitanos, seguro que lo dejan sucio”. Los trabajadores de la FSG le llaman la atención por este comentario, aunque no interponen ninguna reclamación en el centro.",,,2005-01-01T00:00:00+01:00,2005-01-01T00:00:00+01:00,Murcia,Acceso a bienes y servicios,Sin especificar,,https://informesdiscriminacion.gitanos.org/casos/murcia-noviembre-discriminaci%C3%B3n-en-los-bienes-y-servicios
Un periódico de ámbito local publica una noticia que trata sobre la condena a prisión de una mujer por valerse de su primo deficiente mental para vender papelinas de cocaína. La noticia concluye diciendo “ambos pertenecen a la misma familia gitana”.,,,2005-01-01T00:00:00+01:00,2005-01-01T00:00:00+01:00,Pontevedra,Medios de comunicación,Sin especificar,,https://informesdiscriminacion.gitanos.org/casos/vigo-pontevedra-noviembre-discriminaci%C3%B3n-en-los-medios-de-comunicaci%C3%B3n
"El Barómetro del CIS también verifica que en el ámbito de la educación, la comunidad gitana continúa siendo el grupo social más rechazado de España: “A uno de cada cuatro españoles no le gustaría que sus hijos estuvieran en la misma clase que niños de familias gitanas”.",,,2005-01-01T00:00:00+01:00,2005-01-01T00:00:00+01:00,Estatal,Educación,Sin especificar,,https://informesdiscriminacion.gitanos.org/casos/espa%C3%B1a-noviembre-discriminaci%C3%B3n-en-la-educaci%C3%B3n
"El director de un Instituto de Educación Secundaria dicta resolución de inhabilitación temporal para cursar estudios en su centro a un alumno gitano, por las presuntas faltas muy graves que había cometido. La FSG observa que existen deficiencias en la tramitación del expediente sancionador, ya que no se convocó al Consejo Escolar, que es quien debía sancionar este tipo de faltas, y tampoco se notificó a la familia dicha resolución en su debido momento. Ya que existen claros indicios de que el trato desigual ha sido originado por la pertenencia étnica del niño, la FSG escribe una carta al director del centro para que se reconsidere el caso, aunque no consigue modificar la situación.",,,2005-01-01T00:00:00+01:00,2005-01-01T00:00:00+01:00,Alicante,Educación,Sin especificar,,https://informesdiscriminacion.gitanos.org/casos/alicante-noviembre-discriminaci%C3%B3n-en-la-educaci%C3%B3n
"Una usuaria de la FSG y su pareja acuerdan telefónicamente una entrevista con el propietario de una vivienda en alquiler. El día de la cita, el propietario les pregunta si son gitanos, y tras su respuesta afirmativa, les informa de que “entonces no hay nada que hacer, porque los vecinos no quieren a gitanos en el edificio”. La pareja le pide que reconsidere su postura, pero el dueño insiste en que él no tendría inconveniente, pero que son los vecinos los que no quieren gitanos.",,,2005-01-01T00:00:00+01:00,2005-01-01T00:00:00+01:00,A Coruña,Vivienda,Sin especificar,,https://informesdiscriminacion.gitanos.org/casos/santiago-de-compostela-la-coru%C3%B1a-noviembre-discriminaci%C3%B3n-en-la-vivienda-0
"Una usuaria de la FSG acude a una Inmobiliaria tras conocer que dispone de una vivienda libre para alquilar que le interesa. En la agencia le comunican que todavía no está en alquiler pero que la mantendrán informada cuando lo esté. La usuaria, que sabe por otras vías que no es cierto, acude a interesarse por el piso en diversas ocasiones, por lo que, ante su insistencia, acaban comunicándole que el propietario ya no está interesado en alquilarla.",,,2005-01-01T00:00:00+01:00,2005-01-01T00:00:00+01:00,A Coruña,Vivienda,Sin especificar,,https://informesdiscriminacion.gitanos.org/casos/santiago-de-compostela-la-coru%C3%B1a-noviembre-discriminaci%C3%B3n-en-la-vivienda
"Un usuario de la FSG que trabaja en un centro comercial es acusado por su encargado de robar un batido que había comprado dentro de su horario laboral. Una de las cajeras asegura que este trabajador le ha pagado el artículo, a pesar de lo cual el encargado se limita a ordenar la reincorporación del trabajador a su puesto, sin pedirle disculpas. El usuario, muy afectado por esa actitud discriminatoria, decide abandonar el trabajo.",,,2005-01-01T00:00:00+01:00,2005-01-01T00:00:00+01:00,Málaga,Empleo,Sin especificar,,https://informesdiscriminacion.gitanos.org/casos/m%C3%A1laga-noviembre-discriminaci%C3%B3n-en-el-empleo
"El Barómetro del Centro de Investigaciones Sociológicas (CIS) de noviembre de 2005 constata un evidente rechazo a la comunidad gitana en la sociedad española, un 40% de la cual declara que “le molestaría mucho o bastante tener como vecinos a gitanos.”",,,2005-01-01T00:00:00+01:00,2005-01-01T00:00:00+01:00,Estatal,Vivienda,Sin especificar,,https://informesdiscriminacion.gitanos.org/casos/espa%C3%B1a-noviembre-discriminaci%C3%B3n-en-la-vivienda
"Una mujer gitana quiere que dos de sus hijos acudan al mismo centro escolar privado al que asiste otro hermano, pero olvida presentar la preinscripción en junio. Cuando intenta formalizar la matrícula en septiembre, le informan de que sólo puede escolarizar a uno de sus dos hijos, mientras que el otro deberá hacerlo en el colegio público correspondiente. Dos técnicos de la FSG mantienen una reunión con la directora para intentar solucionar el problema, en el transcurso de la cual ésta se queja de que “siempre nos envían el mismo tipo de niños, ya tenemos suficientes así, además, no creo que la madre tenga la suficiente capacidad para decidir dónde quiere que vayan sus hijos”. La FSG se reúne con el Inspector de Educación de la zona, quien al conocer la situación, y tras comprobar que sí existen plazas disponibles, facilita la inscripción de todos los hermanos en el mismo centro.",,,2005-01-01T00:00:00+01:00,2005-01-01T00:00:00+01:00,Granada,Educación,Sin especificar,,https://informesdiscriminacion.gitanos.org/casos/granada-noviembre-discriminaci%C3%B3n-en-la-educaci%C3%B3n
"El director de Recursos Humanos de una empresa, se pone en contacto telefónico con el prospector laboral de la FSG para comunicarle una oferta de trabajo de “mozo de almacén”, informándole que no requiere ni experiencia previa, ni carnet de conducir, siendo el único requisitito imprescindible, que “no sea gitano ni moro”.",,,2005-01-01T00:00:00+01:00,2005-01-01T00:00:00+01:00,Murcia,Empleo,Sin especificar,,https://informesdiscriminacion.gitanos.org/casos/alcantarilla-murcia-noviembre-discriminaci%C3%B3n-en-el-empleo
"Dos trabajadores gitanos de la FSG acuden a desayunar a una cafetería, donde coinciden con otros trabajadores de la Fundación no gitanos. La atención del encargado es aparentemente normal, pero cuando abandonan el establecimiento, los trabajadores comprueban que les han cobrado una cantidad muy superior a la de sus compañeros, a pesar de que sus consumiciones eran considerablemente más baratas.",,,2005-01-01T00:00:00+01:00,2005-01-01T00:00:00+01:00,Albacete,Acceso a bienes y servicios,Sin especificar,,https://informesdiscriminacion.gitanos.org/casos/hell%C3%ADn-albacete-octubre-discriminaci%C3%B3n-en-los-bienes-y-servicios-0
"El prospector de empleo de la FSG acompaña a un usuario del programa Acceder a presentar su currículo en una empresa que publica a través del INAEM una oferta de empleo de cristalero. La responsable de la empresa les comenta que es muy urgente y que, sobre todo, necesitan una persona seria que quiera permanecer tiempo en la empresa. La FSG recomienda a este usuario, pero al cabo de unos días, la empresa comienza a poner excusas y exige requisitos que no estaban previamente publicados en la oferta del INAEM.",,,2005-01-01T00:00:00+01:00,2005-01-01T00:00:00+01:00,Huesca,Empleo,Sin especificar,,https://informesdiscriminacion.gitanos.org/casos/huesca-octubre-discriminaci%C3%B3n-en-el-empleo-0
"Un chico gitano procedente de Hungría acude a un centro de información y asesoramiento para trabajadores migrantes. Cuando solicita información para obtener el permiso de trabajo, la persona que lo atiende, de manera muy agresiva, le dice que “debería haber resuelto ya su situación, al igual que lo hacen muchas personas extranjeras que quieren trabajar” y concluye con la frase: “si ya estás siendo asistido por un servicio para la comunidad gitana vuélvete con los de tu raza o márchate a tu país”.",,,2005-01-01T00:00:00+01:00,2005-01-01T00:00:00+01:00,Sevilla,Empleo,Sin especificar,,https://informesdiscriminacion.gitanos.org/casos/sevilla-octubre-discriminaci%C3%B3n-en-el-empleo
La encargada de una empresa de limpieza se aprovecha de la condición de analfabeta de una trabajadora gitana para hacerle firmar una baja voluntaria haciéndole creer que el documento es el finiquito de fin de contrato. La FSG se pone en contacto con la empresa y consiguen solucionar el conflicto a través de la mediación.,,,2005-01-01T00:00:00+01:00,2005-01-01T00:00:00+01:00,Alicante,Empleo,Sin especificar,,https://informesdiscriminacion.gitanos.org/casos/alicante-octubre-discriminaci%C3%B3n-en-el-empleo
"Un chico gitano es acusado de ser el autor de un robo en un puesto del mercadillo. Para detenerle acuden seis policías locales, que le propinan una brutal paliza, provocándole lesiones de gravedad y dejándolo inconsciente, tal y como consta en el parte médico. Existen numerosos indicios que apuntan a que el origen étnico condicionó a los agentes de la policía para actuar fuera de la legalidad y excederse de sus funciones en el proceso de detención.",,,2005-01-01T00:00:00+01:00,2005-01-01T00:00:00+01:00,Granada,Servicios policiales,Sin especificar,,https://informesdiscriminacion.gitanos.org/casos/granada-octubre-discriminaci%C3%B3n-en-la-polic%C3%ADa
"Un grupo de amigos gitanos piden su consumición en una cafetería. A pesar de que el camarero les indica que tiene mucha gente y que no va a poderles servir pronto, los jóvenes deciden quedarse en el establecimiento, asegurando que no tienen prisa. Sin embargo, tras comprobar que, después de haber servido a todos los clientes, el camarero sigue sin traerles sus consumiciones, deciden abandonar el lugar.",,,2005-01-01T00:00:00+01:00,2005-01-01T00:00:00+01:00,Albacete,Acceso a bienes y servicios,Sin especificar,,https://informesdiscriminacion.gitanos.org/casos/hell%C3%ADn-albacete-octubre-discriminaci%C3%B3n-en-los-bienes-y-servicios
"El Instituto de vivienda de Galicia realiza un sorteo de 12 inmuebles para alquiler o compra, siendo los únicos requisitos exigidos para participar en él, ser menor de 40 años y tener cargas familiares. La FSG presta apoyo a varias familias para presentar una solicitud, pero a pesar de haber sido preseleccionadas, el Instituto rechaza a dos de ellas por no disponer de nómina que justifique sus ingresos económicos, un requisito que no se exigía en la convocatoria.",,,2005-01-01T00:00:00+01:00,2005-01-01T00:00:00+01:00,Pontevedra,Vivienda,Sin especificar,,https://informesdiscriminacion.gitanos.org/casos/vigo-pontevedra-octubre-discriminaci%C3%B3n-en-la-vivienda
"Tras ser publicada una oferta de empleo de repartidor en una empresa, se deriva a un usuario del programa de empleo Acceder de la FSG para que entregue personalmente su curriculum. Al decirle la empresa que el puesto ya está cubierto, un trabajador de la FSG llama por teléfono simulando interesarse por el mismo, tras lo cual le piden que se pase por la oficina, porque la plaza sigue vacante.",,,2005-01-01T00:00:00+01:00,2005-01-01T00:00:00+01:00,Huesca,Empleo,Sin especificar,,https://informesdiscriminacion.gitanos.org/casos/huesca-octubre-discriminaci%C3%B3n-en-el-empleo
"Con el titular “Gran despliegue policial por una disputa entre dos familias gitanas” aparece publicada una noticia en un periódico local, en la que además de hacer referencia al origen étnico de los implicados, la única información que se proporciona es el elevado número de efectivos de los cuerpos y fuerzas de seguridad del Estado que tuvieron que permanecer en alerta durante toda la noche.",,,2005-01-01T00:00:00+01:00,2005-01-01T00:00:00+01:00,Badajoz,Medios de comunicación,Sin especificar,,https://informesdiscriminacion.gitanos.org/casos/badajoz-agosto-discriminaci%C3%B3n-en-los-medios-de-comunicaci%C3%B3n
"En la sección de sucesos de un periódico local aparece publicada una noticia sobre la detención de los presuntos autores de un robo. En el titular de la misma, se hace referencia a “un clan dedicado a robos en pequeña escala” informando de los nombres, edad y procedencia de las tres personas implicadas, afirmando que “todos ellos son de etnia gitana”.",,,2005-01-01T00:00:00+01:00,2005-01-01T00:00:00+01:00,Pontevedra,Medios de comunicación,Sin especificar,,https://informesdiscriminacion.gitanos.org/casos/vigo-pontevedra-septiembre-discriminaci%C3%B3n-en-los-medios-de-comunicaci%C3%B3n
"En una vía pública de mucho tránsito situada en un barrio donde la mayoría de las familias residentes son gitanas, aparecen unas pintadas con el lema “Welcome to Zaidín-Peligro gitanos”. Un mediador de la FSG mantiene una reunión con el Subdelegado del Gobierno, tras la cual se borra la inscripción.",,,2005-01-01T00:00:00+01:00,2005-01-01T00:00:00+01:00,Granada,Otros,Sin especificar,,https://informesdiscriminacion.gitanos.org/casos/granada-septiembre-actos-racistas
"Con el titular “La boda inculta de Farruquito”, un periodista independiente escribe un artículo en su webLog, en el que se incluyen comentarios discriminatorios contra toda la comunidad gitana como “su boda gitana, producto de una cultura, como la del Islam, inculta y estúpida, denigratoria de la mujer…” o “esta cultura gitana si quitas los trajes típicos, los bailes, y puede que alguna comida típica, es una afrenta a los hombres, al raciocinio, a los derechos humanos…”",,,2005-01-01T00:00:00+01:00,2005-01-01T00:00:00+01:00,Madrid,Medios de comunicación,Sin especificar,,https://informesdiscriminacion.gitanos.org/casos/madrid-septiembre-discriminaci%C3%B3n-en-los-medios-de-comunicaci%C3%B3n-1
"Un chico gitano que llevaba dos semanas trabajando como ayudante de cocina, es despedido antes de superar el periodo de prueba cuando su jefe conoce, por un amigo común, su origen étnico. Cuando el trabajador acude a recoger el finiquito y le pide explicaciones, el jefe le dice que le tenía que haber comentado que era gitano. El trabajador rechaza emprender cualquier tipo de medida legal.",,,2005-01-01T00:00:00+01:00,2005-01-01T00:00:00+01:00,Ciudad Real,Empleo,Sin especificar,,https://informesdiscriminacion.gitanos.org/casos/ciudad-real-septiembre-discriminaci%C3%B3n-en-el-empleo
Un periódico de ámbito nacional publica en la sección de Sevilla una noticia en la que se especifica la pertenencia étnica de dos familias implicadas en hechos delictivos con el titular: “Tres heridos en una pelea entre dos familias gitanas en un hospital”. Dicho periódico publica noticias similares de manera frecuente.,,,2005-01-01T00:00:00+01:00,2005-01-01T00:00:00+01:00,Sevilla,Medios de comunicación,Sin especificar,,https://informesdiscriminacion.gitanos.org/casos/sevilla-septiembre-discriminaci%C3%B3n-en-los-medios-de-comunicaci%C3%B3n
"Durante el año 2005, la Policía Nacional de Huesca para por la calle en tres ocasiones a dos hermanos para solicitarles la documentación personal y proceder a su registro, sin que exista motivación aparente. Una de las veces, los hermanos solicitan a los agentes que se identifiquen y, ante la negativa de éstos, el padre de los chicos acude a quejarse a la Comisaría, donde le informan de que los agentes han actuado de pleno derecho, ya que al parecer, tan sólo se trataba de inspecciones rutinarias.",,,2005-01-01T00:00:00+01:00,2005-01-01T00:00:00+01:00,Huesca,Servicios policiales,Sin especificar,,https://informesdiscriminacion.gitanos.org/casos/huesca-septiembre-discriminaci%C3%B3n-en-la-polic%C3%ADa
"Cuando dos mujeres gitanas entran en una cafetería, el encargado les informa de que no las puede servir porque va a cerrar, a pesar de que el local se encuentra lleno de gente, por ser un día de feria en el que los establecimientos suelen cerrar a altas horas de la madrugada.",,,2005-01-01T00:00:00+01:00,2005-01-01T00:00:00+01:00,Albacete,Acceso a bienes y servicios,Sin especificar,,https://informesdiscriminacion.gitanos.org/casos/hell%C3%ADn-albacete-septiembre-discriminaci%C3%B3n-en-los-bienes-y-servicios
"Aparece publicada en un periódico una noticia cuyo titular dice “Dos heridos graves por apuñalamiento en una pelea entre gitanos y payos en el distrito de Carabanchel”. Además de la mención étnica, en la noticia se comenta que, cuando la policía tiene conocimiento de los hechos, acude al hospital donde uno de los gitanos implicados se encuentra ingresado, y traslada a sus familiares a Comisaría, sin que se siga el mismo procedimiento con el resto de implicados no gitanos.",,,2005-01-01T00:00:00+01:00,2005-01-01T00:00:00+01:00,Madrid,Medios de comunicación,Sin especificar,,https://informesdiscriminacion.gitanos.org/casos/madrid-septiembre-discriminaci%C3%B3n-en-los-medios-de-comunicaci%C3%B3n-0
"Un usuario del programa de empleo de la FSG se interesa por un puesto de reponedor de bebidas y es citado por el gerente de la empresa para realizar una entrevista de trabajo. Cuando éste se cerciora de que el chico es gitano, le dice que no lo puede contratar porque buscan a chicas. Al día siguiente dos trabajadores de la FSG solicitan información telefónica sobre la vacante preguntando expresamente si el sexo es un requisito indispensable, pero el gerente afirma que es totalmente indiferente.",,,2005-01-01T00:00:00+01:00,2005-01-01T00:00:00+01:00,Huesca,Empleo,Sin especificar,,https://informesdiscriminacion.gitanos.org/casos/huesca-septiembre-discriminaci%C3%B3n-en-el-empleo
"En el artículo editorial ”La España negra y obtusa”, publicado en la página web de la periodista Karmele Marchante, se afirma, en relación a los gitanos, que “sería preferible que se busquen un país que los considere como especímenes aparte y los meta en un ghetto” o que “cuando apelan a sus tradiciones y a sus leyes, hay que dejar alto y claro que no existen”.",,,2005-01-01T00:00:00+01:00,2005-01-01T00:00:00+01:00,Madrid,Medios de comunicación,Sin especificar,,https://informesdiscriminacion.gitanos.org/casos/madrid-septiembre-discriminaci%C3%B3n-en-los-medios-de-comunicaci%C3%B3n
"Una empresa se pone en contacto con la FSG para solicitar candidatos para cubrir una oferta de limpiacristales. Un usuario de la FSG que cumple con el perfil solicitado mantiene una entrevista con la encargada de la empresa, tras la cual solicita a la FSG que “le mande otro que no sea gitano” porque no quieren trabajar con ellos. Cuando se le informa de que el candidato enviado es quien mejor se adapta al perfil, la empresa reconsidera su postura y ofrece finalmente el puesto al trabajador. Sin embargo, este lo rechaza porque le han juzgado sin conocer su trabajo, y no quiere ser víctima de nuevas actitudes racistas si ocurre algún problema en la empresa.",,,2005-01-01T00:00:00+01:00,2005-01-01T00:00:00+01:00,Almería,Empleo,Sin especificar,,https://informesdiscriminacion.gitanos.org/casos/almer%C3%ADa-septiembre-discriminaci%C3%B3n-en-el-empleo
"La FSG pacta una formación de 250 horas con el gerente de una chapistería para 7 beneficiarios gitanos. El día de la presentación del curso, cuando conoce a los alumnos, el gerente se muestra desconfiado, y deja entrever que pueden causarle algún tipo de problema social y personal con el resto de trabajadores. Finalmente, aun a pesar de los esfuerzos de la FSG, decide no llevar a cabo el módulo formativo.",,,2005-01-01T00:00:00+01:00,2005-01-01T00:00:00+01:00,Asturias,Empleo,Sin especificar,,https://informesdiscriminacion.gitanos.org/casos/avil%C3%A9s-asturias-septiembre-discriminaci%C3%B3n-en-el-empleo
"Mientras hace su recorrido habitual recogiendo chatarra por los pueblos, un hombre gitano se cruza con un coche de la Guardia Civil, cuyos agentes deciden pararle sin justificación, registrándole, además, la furgoneta. En el transcurso del registro, los guardias le requisan dos cepos en muy mal estado y, aunque el usuario les aclara que los acaba de encontrar entre la chatarra, y que no los usa para cazar, acaban denunciándole. El afectado formula alegaciones contra la denuncia, sin que en la actualidad haya concluido el proceso judicial.",,,2005-01-01T00:00:00+01:00,2005-01-01T00:00:00+01:00,Cáceres,Servicios policiales,Sin especificar,,https://informesdiscriminacion.gitanos.org/casos/c%C3%A1ceres-agosto-discriminaci%C3%B3n-en-la-polic%C3%ADa
"En la sección de sucesos de un periódico de ámbito local aparece publicada una noticia relativa a la detención de tres personas por presunta estafa. Ya en el titular de la noticia se hace referencia a la pertenencia étnica de las mismas, sin que ello aporte ninguna información relevante a la noticia.",,,2005-01-01T00:00:00+01:00,2005-01-01T00:00:00+01:00,Pontevedra,Medios de comunicación,Sin especificar,,https://informesdiscriminacion.gitanos.org/casos/vigo-pontevedra-agosto-discriminaci%C3%B3n-en-los-medios-de-comunicaci%C3%B3n
"Tras haber mantenido una entrevista con el propietario, una usuaria de la FSG firma la reserva para alquilar un piso. Sin embargo, transcurridos unos días, dicho propietario contacta con la Fundación para anular la reserva, alegando que el presidente de la comunidad le ha sugerido que podría tener problemas, dada la pertenencia étnica de la futura arrendataria. Al no conseguir hacerle cambiar de opinión, la FSG le comunica por escrito que ese tipo de conductas discriminatorias se encuentran prohibidas por nuestro ordenamiento jurídico, así como de sus consecuencias legales, aunque la interesada no quiera desarrollar otro tipo de medidas.",,,2005-01-01T00:00:00+01:00,2005-01-01T00:00:00+01:00,Pontevedra,Vivienda,Sin especificar,,https://informesdiscriminacion.gitanos.org/casos/vigo-pontevedra-agosto-discriminaci%C3%B3n-en-la-vivienda
"Como consecuencia del fallecimiento de una persona gitana que resultó gravemente herida en un tiroteo ocurrido en un barrio de la localidad, aparece publicada una noticia en la que se hace constante hincapié en la cantidad de unidades de policía y guardia civil que tuvieron que acudir al hospital para “evitar posibles incidentes”, ante la posibilidad de “venganza” por parte de la familia afectada.",,,2005-01-01T00:00:00+01:00,2005-01-01T00:00:00+01:00,Lugo,Medios de comunicación,Sin especificar,,https://informesdiscriminacion.gitanos.org/casos/lugo-agosto-discriminaci%C3%B3n-en-los-medios-de-comunicaci%C3%B3n-0
"Tras el cambio de coordinador del departamento de vivienda del Ayuntamiento de Marbella, se constatan irregularidades en el procedimiento y seguimiento del expediente de vivienda de una familia gitana, a la que intentan expulsar de la vivienda municipal que les habían adjudicado. Los trabajadores de la FSG averiguan que dichas actuaciones podrían estar originadas por la pertenencia étnica de la familia, ya que en la hoja de solicitud de vivienda municipal, en el apartado de observaciones, aparece la palabra GITANOS tachada, aunque todavía visible.",,,2005-01-01T00:00:00+01:00,2005-01-01T00:00:00+01:00,Málaga,Vivienda,Sin especificar,,https://informesdiscriminacion.gitanos.org/casos/m%C3%A1laga-marbella-agosto-discriminaci%C3%B3n-en-la-vivienda
Aparece publicada una noticia en un periódico local en la que un sindicato critica una “acampada xitana” con comentarios despectivos y discriminatorios referidos a toda la comunidad.,,,2005-01-01T00:00:00+01:00,2005-01-01T00:00:00+01:00,Lugo,Medios de comunicación,Sin especificar,,https://informesdiscriminacion.gitanos.org/casos/lugo-agosto-discriminaci%C3%B3n-en-los-medios-de-comunicaci%C3%B3n
"Mensajes como “¿Alguien me puede explicar por qué los gitanos huelen tan mal?” “Lo mejor sería matar a todos los gitanos y después quemar las chabolas de todo el poblao, con todo esto iré a la cárcel pero le estaré haciendo un favor a la humanidad”, y otros de marcado carácter racista y violento, aparecen en uno foro de Internet de la FSG, que los retira advirtiendo de las consecuencias legales de incitar al racismo y la discriminación.",,,2005-01-01T00:00:00+01:00,2005-01-01T00:00:00+01:00,Madrid,Redes sociales,Sin especificar,,https://informesdiscriminacion.gitanos.org/casos/madrid-agosto-discriminaci%C3%B3n-en-los-medios-de-comunicaci%C3%B3n-internet
"Mientras se está efectuando, con total normalidad, el desalojo de 5 viviendas de un poblado con numerosa población gitana, aparecen 14 furgonetas de la policía nacional, provocando tensión e indignación entre las familias gitanas por las excesivas medidas de control y seguridad. Finalmente los hechos se saldan con dos detenciones y cuatro heridos y, gracias a las labores de mediación de la FSG con el Alcalde, se soluciona el conflicto de manera pacífica y se pospone la demolición hasta nueva orden.",,,2005-01-01T00:00:00+01:00,2005-01-01T00:00:00+01:00,León,Servicios policiales,Sin especificar,,https://informesdiscriminacion.gitanos.org/casos/le%C3%B3n-julio-discriminaci%C3%B3n-en-la-polic%C3%ADa
"Tras un tiroteo ocurrido en Lugo, un hombre gitano ajeno a los hechos resulta fortuitamente herido de gravedad, y permanece ingresado en la UCI durante un mes y medio, donde finalmente fallece. Aunque la atención prestada al paciente por el equipo médico es, en todo momento, adecuada, se producen una serie de prácticas discriminatorias en la relación de los facultativos con sus familiares, principalmente en la manera en que se les transmite la evolución y el estado médico del herido, siempre a través del personal de seguridad privada, y entre enormes e innecesarios controles policiales.",,,2005-01-01T00:00:00+01:00,2005-01-01T00:00:00+01:00,Lugo,Salud,Sin especificar,,https://informesdiscriminacion.gitanos.org/casos/lugo-julio-discriminaci%C3%B3n-en-los-servicios-sanitarios
"Un usuario se interesa por una oferta de trabajo publicada en el INEM para el puesto de peón de albañil. Cuando se pone en contacto con el empresario, éste le pregunta directamente si es gitano y tras su respuesta afirmativa, confiesa que “no quiere gitanos, que no le interesan”. Un amigo del usuario con el mismo perfil, pero que no es gitano, consigue en esa misma conversación telefónica una entrevista de trabajo, por lo que la FSG informa al INEM de la existencia de discriminación étnica en el proceso de selección.",,,2005-01-01T00:00:00+01:00,2005-01-01T00:00:00+01:00,Albacete,Empleo,Sin especificar,,https://informesdiscriminacion.gitanos.org/casos/albacete-julio-discriminaci%C3%B3n-en-el-empleo
"Una joven gitana que trabaja en un supermercado es despedida por haber mantenido una actitud supuestamente racista con una compañera de trabajo inmigrante. La trabajadora niega los hechos y, por el contrario, asegura haber sido la víctima de numerosas conductas discriminatorias por ser gitana, que fueron debidamente comunicadas a sus superiores, y por las que tuvo que seguir un tratamiento médico por depresión. La FSG colabora con el abogado de oficio de la trabajadora para impugnar el despido, y el conflicto se resuelve mediante acto de conciliación, por el que se reconoce el derecho de la víctima a percibir una indemnización por despido improcedente.",,,2005-01-01T00:00:00+01:00,2005-01-01T00:00:00+01:00,Zaragoza,Empleo,Sin especificar,,https://informesdiscriminacion.gitanos.org/casos/zaragoza-julio-discriminaci%C3%B3n-en-el-empleo
"Un usuario de la FSG solicita en la Dirección General de Tráfico los documentos de baja de varios vehículos vendidos años atrás, para lo que, según le informan, necesita como requisito imprescindible presentar la documentación acreditativa de su propiedad. Otro trabajador de la FSG llama por teléfono exponiendo la misma situación, pero la DGT responde que sólo necesita rellenar, al contrario de lo exigido al usuario gitano, una hoja de solicitud. La FSG escribe una carta de reclamación y mantiene una reunión con el director de la entidad, que pide disculpas por lo sucedido.",,,2005-01-01T00:00:00+01:00,2005-01-01T00:00:00+01:00,Asturias,Acceso a bienes y servicios,Sin especificar,,https://informesdiscriminacion.gitanos.org/casos/gij%C3%B3n-asturias-julio-discriminaci%C3%B3n-en-los-bienes-y-servicios
"Tras publicarse una oferta de empleo para peón de construcción en un periódico local, el prospector de la FSG se cita con el encargado de la obra para llevarle tres currículos. Cuando el encargado ve las fotos de los candidatos pregunta: “¿son españoles? Porque yo no contrato marroquíes”. El prospector le explica que son españoles y que el programa de empleo de la FSG trabaja prioritariamente con población gitana. Ante esta respuesta, el encargado deja de interesarse por los currículos, alegando que su experiencia con los gitanos es muy negativa, que todavía tiene uno en la obra y que le suele faltar material. A pesar de la insistencia del prospector, el encargado le dice que le presente “otro tipo de personas”.",,,2005-01-01T00:00:00+01:00,2005-01-01T00:00:00+01:00,Valladolid,Empleo,Sin especificar,,https://informesdiscriminacion.gitanos.org/casos/valladolid-julio-discriminaci%C3%B3n-en-el-empleo
"Un mando de la policía judicial realiza unas declaraciones en un periódico de ámbito nacional en relación a una operación contra las mafias de delincuencia internacional, manifestando que “en un buen número de casos fueron los clanes de etnia gitana los que nos avisaron dónde vivían los inmigrantes; nos pedían que nos lleváramos a esa gente de aquí cuanto antes”. La FSG escribe una carta dirigida al delegado y subdelegado de gobierno de Málaga manifestando su malestar y preocupación por los términos utilizados que, además, pueden crear un clima de tensión entre las comunidades gitana e inmigrante.",,,2005-01-01T00:00:00+01:00,2005-01-01T00:00:00+01:00,Málaga,Servicios policiales,Sin especificar,,https://informesdiscriminacion.gitanos.org/casos/m%C3%A1laga-julio-discriminaci%C3%B3n-en-la-polic%C3%ADa
"Un periódico local publica una noticia en la que se informa de un tiroteo ocurrido en un “poblado gitano”. En la noticia se identifica a la comunidad gitana con la violencia, el crimen y la marginalidad, por lo que FSG escribe una carta al director del periódico manifestando su disconformidad con el tratamiento informativo.",,,2005-01-01T00:00:00+01:00,2005-01-01T00:00:00+01:00,Lugo,Medios de comunicación,Sin especificar,,https://informesdiscriminacion.gitanos.org/casos/lugo-julio-discriminaci%C3%B3n-en-los-medios-de-comunicaci%C3%B3n
"Con el titular “Delincuentes al acecho del descuido ajeno” un periódico de ámbito nacional publica un artículo que trata sobre el aumento de la delincuencia callejera en la capital, especificando que estos delincuentes “se distribuyen en tres grupos: rumanos, marroquíes y gitanos” añadiendo que las relaciones entre los gitanos y rumanos no son nada buenas, ya que estos últimos “han ido comiéndole terreno, negocio y técnicas a los primeros”.",,,2005-01-01T00:00:00+01:00,2005-01-01T00:00:00+01:00,Madrid,Medios de comunicación,Sin especificar,,https://informesdiscriminacion.gitanos.org/casos/madrid-julio-discriminaci%C3%B3n-en-los-medios-de-comunicaci%C3%B3n
"Una usuaria de la FSG firma un contrato de arrendamiento a través de una agencia inmobiliaria, donde entrega la fianza requerida sin recibir en ese momento las llaves de la vivienda, a falta de la firma de la propietaria. Dos días después recibe una llamada de la agencia, que le comunica que la propietaria se ha puesto enferma y no quiere alquilar la vivienda. La FSG comprueba que el inmueble se ha alquilado a una persona no gitana, por lo que se pone en contacto con el director de la Inmobiliaria, que se compromete a no volver a tratar con esa propietaria para evitar que vuelvan a darse tratos discriminatorios.",,,2005-01-01T00:00:00+01:00,2005-01-01T00:00:00+01:00,Valencia,Vivienda,Sin especificar,,https://informesdiscriminacion.gitanos.org/casos/valencia-julio-discriminaci%C3%B3n-en-la-vivienda
"Aparece publicado en un periódico un artículo cuyo título dice “Gitano, famoso y tribunales, una combinación explosiva”. Se tratan los problemas con la justicia por los que atraviesa un famoso gitano, comparando este caso con otros tres más en los que otras personas gitanas conocidas tuvieron problemas con la justicia, con la intención de demostrar que es un fenómeno relativamente frecuente.",,,2005-01-01T00:00:00+01:00,2005-01-01T00:00:00+01:00,Sevilla,Medios de comunicación,Sin especificar,,https://informesdiscriminacion.gitanos.org/casos/sevilla-julio-discriminaci%C3%B3n-en-los-medios-de-comunicaci%C3%B3n
"Con el titular “Identificadas cuatro mujeres de etnia gitana por robar embutidos en un supermercado” un periódico publica una noticia haciendo referencia, en repetidas ocasiones, a la pertenencia étnica de las personas que presuntamente estaban implicadas en el robo.",,,2005-01-01T00:00:00+01:00,2005-01-01T00:00:00+01:00,Pontevedra,Medios de comunicación,Sin especificar,,https://informesdiscriminacion.gitanos.org/casos/pontevedra-julio-medios-de-comunicaci%C3%B3n
Un periódico local publica una noticia sobre la detención de cuatro personas por ser autoras de un delito de tráfico de drogas. En la descripción de los hechos se especifica que una de las acusadas está emparentada con una familia de etnia gitana.,,,2005-01-01T00:00:00+01:00,2005-01-01T00:00:00+01:00,Valladolid,Medios de comunicación,Sin especificar,,https://informesdiscriminacion.gitanos.org/casos/valladolid-julio-discriminaci%C3%B3n-en-los-medios-de-comunicaci%C3%B3n
Un periódico local publica una noticia relacionada con la detención de 16 personas por cometer presuntamente un delito de pederastia. En el relato de los hechos se especifica en varias ocasiones el origen étnico de los implicados.,,,2005-01-01T00:00:00+01:00,2005-01-01T00:00:00+01:00,Valencia,Medios de comunicación,Sin especificar,,https://informesdiscriminacion.gitanos.org/casos/valencia-julio-discriminaci%C3%B3n-en-los-medios-de-comunicaci%C3%B3n
"Una pelea presuntamente motivada por la negativa del dueño de un bar a servir a varias personas gitanas, se salda con un hombre de esta etnia herido de gravedad y con la detención del dueño del establecimiento como presunto agresor. Ello provoca una peligrosa reacción anti-gitana en la localidad y la llamada a una manifestación de protesta en el mercadillo, así como el boicot a los vendedores gitanos. A pesar del fracaso de la convocatoria, continúan difundiéndose en diversos foros de Internet numerosos mensajes de marcado carácter racista, que incitan al odio y a la violencia contra la comunidad gitana. La FSG pone en conocimiento de la Fiscalía de Castilla y León el contenido de los mensajes pero, tras abrir diligencias previas, el caso es archivado provisionalmente ante la imposibilidad de identificar a los autores de los mensajes.",,,2005-01-01T00:00:00+01:00,2005-01-01T00:00:00+01:00,Burgos,Redes sociales,Sin especificar,,https://informesdiscriminacion.gitanos.org/casos/aranda-de-duero-burgos-julio-discriminaci%C3%B3n-en-los-medios-de-comunicaci%C3%B3n-internet
"Un chico gitano es informado, a través de un amigo suyo que trabaja en una Inmobiliaria, sobre la venta de un piso de protección oficial a la que podía acceder por cumplir con los requisitos exigidos. Una vez realizados los trámites oportunos para la compra del mismo, el amigo recibe información de que su solicitud ya ha sido rechazada “porque era gitano”.",,,2005-01-01T00:00:00+01:00,2005-01-01T00:00:00+01:00,Murcia,Vivienda,Sin especificar,,https://informesdiscriminacion.gitanos.org/casos/alcantarilla-murcia-julio-discriminaci%C3%B3n-en-la-vivienda
"Un grupo de chicos gitanos denuncian que en una discoteca de la ciudad les han denegado el acceso en varias ocasiones porque ”cada vez que vienen gitanos tienen líos”. El siguiente fin de semana, la coordinadora de la FSG en la localidad les acompaña al mismo establecimiento, y cuando comprueba que, de nuevo, les han impedido la entrada, habla con el portero y solicita una reunión con el encargado. Aunque éste accede inicialmente, al final no acude a la cita, aunque la FSG constata que las prácticas discriminatorias son menos frecuentes.",,,2005-01-01T00:00:00+01:00,2005-01-01T00:00:00+01:00,Ciudad Real,Acceso a bienes y servicios,Sin especificar,,https://informesdiscriminacion.gitanos.org/casos/ciudad-real-junio-discriminaci%C3%B3n-en-los-bienes-y-servicios
"El Ayuntamiento de Vera vende unos terrenos a una promotora para la construcción de viviendas y zonas verdes. En el transcurso de las obras, se levanta un muro, supuestamente de contención, que incomunica parcialmente a las familias que viven en un barrio con un alto porcentaje de población gitana, con el nuevo desarrollo urbanístico del pueblo. Varias familias usuarias de la FSG se quejan de la situación, por lo que la entidad se dirige en varias ocasiones al Alcalde pidiendo explicaciones, sin recibir respuesta favorable alguna.",,,2005-01-01T00:00:00+01:00,2005-01-01T00:00:00+01:00,Almería,Acceso a bienes y servicios,Sin especificar,,https://informesdiscriminacion.gitanos.org/casos/vera-almer%C3%ADa-junio-discriminaci%C3%B3n-en-los-bienes-y-servicios
"La madre de un menor gitano comunica en diversas ocasiones que su hijo presenta conductas inadecuadas para su edad, aunque los responsables de su centro educativo no le dan importancia. Tras la insistencia de la madre y de los trabajadores de la FSG, se consigue la elaboración de informes por parte del propio centro y del servicio de Neurofisiología Clínica. El caso se remite al Instituto Aragonés de Servicios Sociales, que reconoce finalmente la minusvalía del menor. Una intervención temprana podría haber paliado la situación del niño, que pudo haber recibido una menor atención por ser gitano.",,,2005-01-01T00:00:00+01:00,2005-01-01T00:00:00+01:00,Zaragoza,Educación,Sin especificar,,https://informesdiscriminacion.gitanos.org/casos/zaragoza-junio-discriminaci%C3%B3n-en-la-educaci%C3%B3n
